--
-- PostgreSQL database dump
--

-- Dumped from database version 17.0
-- Dumped by pg_dump version 17.0

SET statement_timeout = 0;
SET lock_timeout = 0;
SET idle_in_transaction_session_timeout = 0;
SET transaction_timeout = 0;
SET client_encoding = 'UTF8';
SET standard_conforming_strings = on;
SELECT pg_catalog.set_config('search_path', '', false);
SET check_function_bodies = false;
SET xmloption = content;
SET client_min_messages = warning;
SET row_security = off;

SET default_tablespace = '';

SET default_table_access_method = heap;

--
-- Name: account_emailaddress; Type: TABLE; Schema: public; Owner: postgres
--

CREATE TABLE public.account_emailaddress (
    id integer NOT NULL,
    email character varying(254) NOT NULL,
    verified boolean NOT NULL,
    "primary" boolean NOT NULL,
    user_id bigint NOT NULL
);


ALTER TABLE public.account_emailaddress OWNER TO postgres;

--
-- Name: account_emailaddress_id_seq; Type: SEQUENCE; Schema: public; Owner: postgres
--

ALTER TABLE public.account_emailaddress ALTER COLUMN id ADD GENERATED BY DEFAULT AS IDENTITY (
    SEQUENCE NAME public.account_emailaddress_id_seq
    START WITH 1
    INCREMENT BY 1
    NO MINVALUE
    NO MAXVALUE
    CACHE 1
);


--
-- Name: account_emailconfirmation; Type: TABLE; Schema: public; Owner: postgres
--

CREATE TABLE public.account_emailconfirmation (
    id integer NOT NULL,
    created timestamp with time zone NOT NULL,
    sent timestamp with time zone,
    key character varying(64) NOT NULL,
    email_address_id integer NOT NULL
);


ALTER TABLE public.account_emailconfirmation OWNER TO postgres;

--
-- Name: account_emailconfirmation_id_seq; Type: SEQUENCE; Schema: public; Owner: postgres
--

ALTER TABLE public.account_emailconfirmation ALTER COLUMN id ADD GENERATED BY DEFAULT AS IDENTITY (
    SEQUENCE NAME public.account_emailconfirmation_id_seq
    START WITH 1
    INCREMENT BY 1
    NO MINVALUE
    NO MAXVALUE
    CACHE 1
);


--
-- Name: applicant_applicant; Type: TABLE; Schema: public; Owner: postgres
--

CREATE TABLE public.applicant_applicant (
    id bigint NOT NULL,
    first_name character varying(50),
    sex character varying(10),
    date_of_birth date,
    age integer,
    contact_number character varying,
    present_address character varying,
    linkedin_profile character varying(200),
    user_id bigint NOT NULL,
    last_name character varying(50),
    middle_name character varying(50),
    postal_code character varying(50),
    province character varying(50),
    region character varying(50),
    barangay character varying,
    city character varying(50),
    CONSTRAINT applicant_applicant_age_check CHECK ((age >= 0))
);


ALTER TABLE public.applicant_applicant OWNER TO postgres;

--
-- Name: applicant_applicant_id_seq; Type: SEQUENCE; Schema: public; Owner: postgres
--

ALTER TABLE public.applicant_applicant ALTER COLUMN id ADD GENERATED BY DEFAULT AS IDENTITY (
    SEQUENCE NAME public.applicant_applicant_id_seq
    START WITH 1
    INCREMENT BY 1
    NO MINVALUE
    NO MAXVALUE
    CACHE 1
);


--
-- Name: applicant_applicant_saved_jobs; Type: TABLE; Schema: public; Owner: postgres
--

CREATE TABLE public.applicant_applicant_saved_jobs (
    id bigint NOT NULL,
    applicant_id bigint NOT NULL,
    jobhiring_id integer NOT NULL
);


ALTER TABLE public.applicant_applicant_saved_jobs OWNER TO postgres;

--
-- Name: applicant_applicant_saved_jobs_id_seq; Type: SEQUENCE; Schema: public; Owner: postgres
--

ALTER TABLE public.applicant_applicant_saved_jobs ALTER COLUMN id ADD GENERATED BY DEFAULT AS IDENTITY (
    SEQUENCE NAME public.applicant_applicant_saved_jobs_id_seq
    START WITH 1
    INCREMENT BY 1
    NO MINVALUE
    NO MAXVALUE
    CACHE 1
);


--
-- Name: auth_group; Type: TABLE; Schema: public; Owner: postgres
--

CREATE TABLE public.auth_group (
    id integer NOT NULL,
    name character varying(150) NOT NULL
);


ALTER TABLE public.auth_group OWNER TO postgres;

--
-- Name: auth_group_id_seq; Type: SEQUENCE; Schema: public; Owner: postgres
--

ALTER TABLE public.auth_group ALTER COLUMN id ADD GENERATED BY DEFAULT AS IDENTITY (
    SEQUENCE NAME public.auth_group_id_seq
    START WITH 1
    INCREMENT BY 1
    NO MINVALUE
    NO MAXVALUE
    CACHE 1
);


--
-- Name: auth_group_permissions; Type: TABLE; Schema: public; Owner: postgres
--

CREATE TABLE public.auth_group_permissions (
    id bigint NOT NULL,
    group_id integer NOT NULL,
    permission_id integer NOT NULL
);


ALTER TABLE public.auth_group_permissions OWNER TO postgres;

--
-- Name: auth_group_permissions_id_seq; Type: SEQUENCE; Schema: public; Owner: postgres
--

ALTER TABLE public.auth_group_permissions ALTER COLUMN id ADD GENERATED BY DEFAULT AS IDENTITY (
    SEQUENCE NAME public.auth_group_permissions_id_seq
    START WITH 1
    INCREMENT BY 1
    NO MINVALUE
    NO MAXVALUE
    CACHE 1
);


--
-- Name: auth_permission; Type: TABLE; Schema: public; Owner: postgres
--

CREATE TABLE public.auth_permission (
    id integer NOT NULL,
    name character varying(255) NOT NULL,
    content_type_id integer NOT NULL,
    codename character varying(100) NOT NULL
);


ALTER TABLE public.auth_permission OWNER TO postgres;

--
-- Name: auth_permission_id_seq; Type: SEQUENCE; Schema: public; Owner: postgres
--

ALTER TABLE public.auth_permission ALTER COLUMN id ADD GENERATED BY DEFAULT AS IDENTITY (
    SEQUENCE NAME public.auth_permission_id_seq
    START WITH 1
    INCREMENT BY 1
    NO MINVALUE
    NO MAXVALUE
    CACHE 1
);


--
-- Name: authtoken_token; Type: TABLE; Schema: public; Owner: postgres
--

CREATE TABLE public.authtoken_token (
    key character varying(40) NOT NULL,
    created timestamp with time zone NOT NULL,
    user_id bigint NOT NULL
);


ALTER TABLE public.authtoken_token OWNER TO postgres;

--
-- Name: company_company; Type: TABLE; Schema: public; Owner: postgres
--

CREATE TABLE public.company_company (
    id bigint NOT NULL,
    company_name character varying(50),
    industry character varying(50),
    number_of_employees integer,
    hr_name character varying(50),
    contact_number character varying,
    company_address character varying(50),
    user_id bigint NOT NULL,
    CONSTRAINT company_company_number_of_employees_check CHECK ((number_of_employees >= 0))
);


ALTER TABLE public.company_company OWNER TO postgres;

--
-- Name: company_company_id_seq; Type: SEQUENCE; Schema: public; Owner: postgres
--

ALTER TABLE public.company_company ALTER COLUMN id ADD GENERATED BY DEFAULT AS IDENTITY (
    SEQUENCE NAME public.company_company_id_seq
    START WITH 1
    INCREMENT BY 1
    NO MINVALUE
    NO MAXVALUE
    CACHE 1
);


--
-- Name: django_admin_log; Type: TABLE; Schema: public; Owner: postgres
--

CREATE TABLE public.django_admin_log (
    id integer NOT NULL,
    action_time timestamp with time zone NOT NULL,
    object_id text,
    object_repr character varying(200) NOT NULL,
    action_flag smallint NOT NULL,
    change_message text NOT NULL,
    content_type_id integer,
    user_id bigint NOT NULL,
    CONSTRAINT django_admin_log_action_flag_check CHECK ((action_flag >= 0))
);


ALTER TABLE public.django_admin_log OWNER TO postgres;

--
-- Name: django_admin_log_id_seq; Type: SEQUENCE; Schema: public; Owner: postgres
--

ALTER TABLE public.django_admin_log ALTER COLUMN id ADD GENERATED BY DEFAULT AS IDENTITY (
    SEQUENCE NAME public.django_admin_log_id_seq
    START WITH 1
    INCREMENT BY 1
    NO MINVALUE
    NO MAXVALUE
    CACHE 1
);


--
-- Name: django_content_type; Type: TABLE; Schema: public; Owner: postgres
--

CREATE TABLE public.django_content_type (
    id integer NOT NULL,
    app_label character varying(100) NOT NULL,
    model character varying(100) NOT NULL
);


ALTER TABLE public.django_content_type OWNER TO postgres;

--
-- Name: django_content_type_id_seq; Type: SEQUENCE; Schema: public; Owner: postgres
--

ALTER TABLE public.django_content_type ALTER COLUMN id ADD GENERATED BY DEFAULT AS IDENTITY (
    SEQUENCE NAME public.django_content_type_id_seq
    START WITH 1
    INCREMENT BY 1
    NO MINVALUE
    NO MAXVALUE
    CACHE 1
);


--
-- Name: django_migrations; Type: TABLE; Schema: public; Owner: postgres
--

CREATE TABLE public.django_migrations (
    id bigint NOT NULL,
    app character varying(255) NOT NULL,
    name character varying(255) NOT NULL,
    applied timestamp with time zone NOT NULL
);


ALTER TABLE public.django_migrations OWNER TO postgres;

--
-- Name: django_migrations_id_seq; Type: SEQUENCE; Schema: public; Owner: postgres
--

ALTER TABLE public.django_migrations ALTER COLUMN id ADD GENERATED BY DEFAULT AS IDENTITY (
    SEQUENCE NAME public.django_migrations_id_seq
    START WITH 1
    INCREMENT BY 1
    NO MINVALUE
    NO MAXVALUE
    CACHE 1
);


--
-- Name: django_session; Type: TABLE; Schema: public; Owner: postgres
--

CREATE TABLE public.django_session (
    session_key character varying(40) NOT NULL,
    session_data text NOT NULL,
    expire_date timestamp with time zone NOT NULL
);


ALTER TABLE public.django_session OWNER TO postgres;

--
-- Name: django_site; Type: TABLE; Schema: public; Owner: postgres
--

CREATE TABLE public.django_site (
    id integer NOT NULL,
    domain character varying(100) NOT NULL,
    name character varying(50) NOT NULL
);


ALTER TABLE public.django_site OWNER TO postgres;

--
-- Name: django_site_id_seq; Type: SEQUENCE; Schema: public; Owner: postgres
--

ALTER TABLE public.django_site ALTER COLUMN id ADD GENERATED BY DEFAULT AS IDENTITY (
    SEQUENCE NAME public.django_site_id_seq
    START WITH 1
    INCREMENT BY 1
    NO MINVALUE
    NO MAXVALUE
    CACHE 1
);


--
-- Name: jobs_jobapplication; Type: TABLE; Schema: public; Owner: postgres
--

CREATE TABLE public.jobs_jobapplication (
    job_application_id integer NOT NULL,
    email character varying(254) NOT NULL,
    application_date date NOT NULL,
    application_status character varying(20) NOT NULL,
    applicant_id bigint NOT NULL,
    job_hiring_id integer NOT NULL
);


ALTER TABLE public.jobs_jobapplication OWNER TO postgres;

--
-- Name: jobs_jobapplication_job_application_id_seq; Type: SEQUENCE; Schema: public; Owner: postgres
--

ALTER TABLE public.jobs_jobapplication ALTER COLUMN job_application_id ADD GENERATED BY DEFAULT AS IDENTITY (
    SEQUENCE NAME public.jobs_jobapplication_job_application_id_seq
    START WITH 1
    INCREMENT BY 1
    NO MINVALUE
    NO MAXVALUE
    CACHE 1
);


--
-- Name: jobs_jobapplicationdocument; Type: TABLE; Schema: public; Owner: postgres
--

CREATE TABLE public.jobs_jobapplicationdocument (
    id bigint NOT NULL,
    document_type character varying(255) NOT NULL,
    document_file character varying(100) NOT NULL,
    job_application_id integer NOT NULL
);


ALTER TABLE public.jobs_jobapplicationdocument OWNER TO postgres;

--
-- Name: jobs_jobapplicationdocument_id_seq; Type: SEQUENCE; Schema: public; Owner: postgres
--

ALTER TABLE public.jobs_jobapplicationdocument ALTER COLUMN id ADD GENERATED BY DEFAULT AS IDENTITY (
    SEQUENCE NAME public.jobs_jobapplicationdocument_id_seq
    START WITH 1
    INCREMENT BY 1
    NO MINVALUE
    NO MAXVALUE
    CACHE 1
);


--
-- Name: jobs_jobhiring; Type: TABLE; Schema: public; Owner: postgres
--

CREATE TABLE public.jobs_jobhiring (
    job_hiring_id integer NOT NULL,
    job_industry character varying(50),
    job_title character varying(100),
    work_location character varying(300),
    work_setup character varying(300),
    employment_type character varying(300),
    num_positions integer NOT NULL,
    job_description text NOT NULL,
    experience_level character varying(300),
    qualifications text NOT NULL,
    salary jsonb,
    benefits jsonb,
    verification_option character varying(300),
    creation_date date NOT NULL,
    application_deadline date NOT NULL,
    status character varying(10),
    company_id bigint NOT NULL,
    schedule character varying(300) NOT NULL,
    frequency character varying(300),
    additional_notes text,
    required_documents jsonb,
    CONSTRAINT jobs_jobhiring_num_positions_check CHECK ((num_positions >= 0))
);


ALTER TABLE public.jobs_jobhiring OWNER TO postgres;

--
-- Name: jobs_jobhiring_job_hiring_id_seq; Type: SEQUENCE; Schema: public; Owner: postgres
--

ALTER TABLE public.jobs_jobhiring ALTER COLUMN job_hiring_id ADD GENERATED BY DEFAULT AS IDENTITY (
    SEQUENCE NAME public.jobs_jobhiring_job_hiring_id_seq
    START WITH 1
    INCREMENT BY 1
    NO MINVALUE
    NO MAXVALUE
    CACHE 1
);


--
-- Name: jobs_recentsearch; Type: TABLE; Schema: public; Owner: postgres
--

CREATE TABLE public.jobs_recentsearch (
    id bigint NOT NULL,
    job_title character varying(255),
    job_industry character varying(255),
    work_location character varying(255),
    creation_date character varying(50),
    work_setup character varying(50),
    employment_type character varying(50),
    salary numeric(10,2),
    experience_level character varying(50),
    user_id bigint NOT NULL
);


ALTER TABLE public.jobs_recentsearch OWNER TO postgres;

--
-- Name: jobs_recentsearch_id_seq; Type: SEQUENCE; Schema: public; Owner: postgres
--

ALTER TABLE public.jobs_recentsearch ALTER COLUMN id ADD GENERATED BY DEFAULT AS IDENTITY (
    SEQUENCE NAME public.jobs_recentsearch_id_seq
    START WITH 1
    INCREMENT BY 1
    NO MINVALUE
    NO MAXVALUE
    CACHE 1
);


--
-- Name: jobs_recentsearch_job_hirings; Type: TABLE; Schema: public; Owner: postgres
--

CREATE TABLE public.jobs_recentsearch_job_hirings (
    id bigint NOT NULL,
    recentsearch_id bigint NOT NULL,
    jobhiring_id integer NOT NULL
);


ALTER TABLE public.jobs_recentsearch_job_hirings OWNER TO postgres;

--
-- Name: jobs_recentsearch_job_hirings_id_seq; Type: SEQUENCE; Schema: public; Owner: postgres
--

ALTER TABLE public.jobs_recentsearch_job_hirings ALTER COLUMN id ADD GENERATED BY DEFAULT AS IDENTITY (
    SEQUENCE NAME public.jobs_recentsearch_job_hirings_id_seq
    START WITH 1
    INCREMENT BY 1
    NO MINVALUE
    NO MAXVALUE
    CACHE 1
);


--
-- Name: jobs_scoringcriteria; Type: TABLE; Schema: public; Owner: postgres
--

CREATE TABLE public.jobs_scoringcriteria (
    id bigint NOT NULL,
    criteria_name character varying(100),
    weight_percentage numeric(5,2),
    preference jsonb,
    job_hiring_id integer NOT NULL
);


ALTER TABLE public.jobs_scoringcriteria OWNER TO postgres;

--
-- Name: jobs_scoringcriteria_id_seq; Type: SEQUENCE; Schema: public; Owner: postgres
--

ALTER TABLE public.jobs_scoringcriteria ALTER COLUMN id ADD GENERATED BY DEFAULT AS IDENTITY (
    SEQUENCE NAME public.jobs_scoringcriteria_id_seq
    START WITH 1
    INCREMENT BY 1
    NO MINVALUE
    NO MAXVALUE
    CACHE 1
);


--
-- Name: social_auth_association; Type: TABLE; Schema: public; Owner: postgres
--

CREATE TABLE public.social_auth_association (
    id bigint NOT NULL,
    server_url character varying(255) NOT NULL,
    handle character varying(255) NOT NULL,
    secret character varying(255) NOT NULL,
    issued integer NOT NULL,
    lifetime integer NOT NULL,
    assoc_type character varying(64) NOT NULL
);


ALTER TABLE public.social_auth_association OWNER TO postgres;

--
-- Name: social_auth_association_id_seq; Type: SEQUENCE; Schema: public; Owner: postgres
--

ALTER TABLE public.social_auth_association ALTER COLUMN id ADD GENERATED BY DEFAULT AS IDENTITY (
    SEQUENCE NAME public.social_auth_association_id_seq
    START WITH 1
    INCREMENT BY 1
    NO MINVALUE
    NO MAXVALUE
    CACHE 1
);


--
-- Name: social_auth_code; Type: TABLE; Schema: public; Owner: postgres
--

CREATE TABLE public.social_auth_code (
    id bigint NOT NULL,
    email character varying(254) NOT NULL,
    code character varying(32) NOT NULL,
    verified boolean NOT NULL,
    "timestamp" timestamp with time zone NOT NULL
);


ALTER TABLE public.social_auth_code OWNER TO postgres;

--
-- Name: social_auth_code_id_seq; Type: SEQUENCE; Schema: public; Owner: postgres
--

ALTER TABLE public.social_auth_code ALTER COLUMN id ADD GENERATED BY DEFAULT AS IDENTITY (
    SEQUENCE NAME public.social_auth_code_id_seq
    START WITH 1
    INCREMENT BY 1
    NO MINVALUE
    NO MAXVALUE
    CACHE 1
);


--
-- Name: social_auth_nonce; Type: TABLE; Schema: public; Owner: postgres
--

CREATE TABLE public.social_auth_nonce (
    id bigint NOT NULL,
    server_url character varying(255) NOT NULL,
    "timestamp" integer NOT NULL,
    salt character varying(65) NOT NULL
);


ALTER TABLE public.social_auth_nonce OWNER TO postgres;

--
-- Name: social_auth_nonce_id_seq; Type: SEQUENCE; Schema: public; Owner: postgres
--

ALTER TABLE public.social_auth_nonce ALTER COLUMN id ADD GENERATED BY DEFAULT AS IDENTITY (
    SEQUENCE NAME public.social_auth_nonce_id_seq
    START WITH 1
    INCREMENT BY 1
    NO MINVALUE
    NO MAXVALUE
    CACHE 1
);


--
-- Name: social_auth_partial; Type: TABLE; Schema: public; Owner: postgres
--

CREATE TABLE public.social_auth_partial (
    id bigint NOT NULL,
    token character varying(32) NOT NULL,
    next_step smallint NOT NULL,
    backend character varying(32) NOT NULL,
    "timestamp" timestamp with time zone NOT NULL,
    data jsonb NOT NULL,
    CONSTRAINT social_auth_partial_next_step_check CHECK ((next_step >= 0))
);


ALTER TABLE public.social_auth_partial OWNER TO postgres;

--
-- Name: social_auth_partial_id_seq; Type: SEQUENCE; Schema: public; Owner: postgres
--

ALTER TABLE public.social_auth_partial ALTER COLUMN id ADD GENERATED BY DEFAULT AS IDENTITY (
    SEQUENCE NAME public.social_auth_partial_id_seq
    START WITH 1
    INCREMENT BY 1
    NO MINVALUE
    NO MAXVALUE
    CACHE 1
);


--
-- Name: social_auth_usersocialauth; Type: TABLE; Schema: public; Owner: postgres
--

CREATE TABLE public.social_auth_usersocialauth (
    id bigint NOT NULL,
    provider character varying(32) NOT NULL,
    uid character varying(255) NOT NULL,
    user_id bigint NOT NULL,
    created timestamp with time zone NOT NULL,
    modified timestamp with time zone NOT NULL,
    extra_data jsonb NOT NULL
);


ALTER TABLE public.social_auth_usersocialauth OWNER TO postgres;

--
-- Name: social_auth_usersocialauth_id_seq; Type: SEQUENCE; Schema: public; Owner: postgres
--

ALTER TABLE public.social_auth_usersocialauth ALTER COLUMN id ADD GENERATED BY DEFAULT AS IDENTITY (
    SEQUENCE NAME public.social_auth_usersocialauth_id_seq
    START WITH 1
    INCREMENT BY 1
    NO MINVALUE
    NO MAXVALUE
    CACHE 1
);


--
-- Name: socialaccount_socialaccount; Type: TABLE; Schema: public; Owner: postgres
--

CREATE TABLE public.socialaccount_socialaccount (
    id integer NOT NULL,
    provider character varying(200) NOT NULL,
    uid character varying(191) NOT NULL,
    last_login timestamp with time zone NOT NULL,
    date_joined timestamp with time zone NOT NULL,
    extra_data jsonb NOT NULL,
    user_id bigint NOT NULL
);


ALTER TABLE public.socialaccount_socialaccount OWNER TO postgres;

--
-- Name: socialaccount_socialaccount_id_seq; Type: SEQUENCE; Schema: public; Owner: postgres
--

ALTER TABLE public.socialaccount_socialaccount ALTER COLUMN id ADD GENERATED BY DEFAULT AS IDENTITY (
    SEQUENCE NAME public.socialaccount_socialaccount_id_seq
    START WITH 1
    INCREMENT BY 1
    NO MINVALUE
    NO MAXVALUE
    CACHE 1
);


--
-- Name: socialaccount_socialapp; Type: TABLE; Schema: public; Owner: postgres
--

CREATE TABLE public.socialaccount_socialapp (
    id integer NOT NULL,
    provider character varying(30) NOT NULL,
    name character varying(40) NOT NULL,
    client_id character varying(191) NOT NULL,
    secret character varying(191) NOT NULL,
    key character varying(191) NOT NULL,
    provider_id character varying(200) NOT NULL,
    settings jsonb NOT NULL
);


ALTER TABLE public.socialaccount_socialapp OWNER TO postgres;

--
-- Name: socialaccount_socialapp_id_seq; Type: SEQUENCE; Schema: public; Owner: postgres
--

ALTER TABLE public.socialaccount_socialapp ALTER COLUMN id ADD GENERATED BY DEFAULT AS IDENTITY (
    SEQUENCE NAME public.socialaccount_socialapp_id_seq
    START WITH 1
    INCREMENT BY 1
    NO MINVALUE
    NO MAXVALUE
    CACHE 1
);


--
-- Name: socialaccount_socialapp_sites; Type: TABLE; Schema: public; Owner: postgres
--

CREATE TABLE public.socialaccount_socialapp_sites (
    id bigint NOT NULL,
    socialapp_id integer NOT NULL,
    site_id integer NOT NULL
);


ALTER TABLE public.socialaccount_socialapp_sites OWNER TO postgres;

--
-- Name: socialaccount_socialapp_sites_id_seq; Type: SEQUENCE; Schema: public; Owner: postgres
--

ALTER TABLE public.socialaccount_socialapp_sites ALTER COLUMN id ADD GENERATED BY DEFAULT AS IDENTITY (
    SEQUENCE NAME public.socialaccount_socialapp_sites_id_seq
    START WITH 1
    INCREMENT BY 1
    NO MINVALUE
    NO MAXVALUE
    CACHE 1
);


--
-- Name: socialaccount_socialtoken; Type: TABLE; Schema: public; Owner: postgres
--

CREATE TABLE public.socialaccount_socialtoken (
    id integer NOT NULL,
    token text NOT NULL,
    token_secret text NOT NULL,
    expires_at timestamp with time zone,
    account_id integer NOT NULL,
    app_id integer
);


ALTER TABLE public.socialaccount_socialtoken OWNER TO postgres;

--
-- Name: socialaccount_socialtoken_id_seq; Type: SEQUENCE; Schema: public; Owner: postgres
--

ALTER TABLE public.socialaccount_socialtoken ALTER COLUMN id ADD GENERATED BY DEFAULT AS IDENTITY (
    SEQUENCE NAME public.socialaccount_socialtoken_id_seq
    START WITH 1
    INCREMENT BY 1
    NO MINVALUE
    NO MAXVALUE
    CACHE 1
);


--
-- Name: token_blacklist_blacklistedtoken; Type: TABLE; Schema: public; Owner: postgres
--

CREATE TABLE public.token_blacklist_blacklistedtoken (
    id bigint NOT NULL,
    blacklisted_at timestamp with time zone NOT NULL,
    token_id bigint NOT NULL
);


ALTER TABLE public.token_blacklist_blacklistedtoken OWNER TO postgres;

--
-- Name: token_blacklist_blacklistedtoken_id_seq; Type: SEQUENCE; Schema: public; Owner: postgres
--

ALTER TABLE public.token_blacklist_blacklistedtoken ALTER COLUMN id ADD GENERATED BY DEFAULT AS IDENTITY (
    SEQUENCE NAME public.token_blacklist_blacklistedtoken_id_seq
    START WITH 1
    INCREMENT BY 1
    NO MINVALUE
    NO MAXVALUE
    CACHE 1
);


--
-- Name: token_blacklist_outstandingtoken; Type: TABLE; Schema: public; Owner: postgres
--

CREATE TABLE public.token_blacklist_outstandingtoken (
    id bigint NOT NULL,
    token text NOT NULL,
    created_at timestamp with time zone,
    expires_at timestamp with time zone NOT NULL,
    user_id bigint,
    jti character varying(255) NOT NULL
);


ALTER TABLE public.token_blacklist_outstandingtoken OWNER TO postgres;

--
-- Name: token_blacklist_outstandingtoken_id_seq; Type: SEQUENCE; Schema: public; Owner: postgres
--

ALTER TABLE public.token_blacklist_outstandingtoken ALTER COLUMN id ADD GENERATED BY DEFAULT AS IDENTITY (
    SEQUENCE NAME public.token_blacklist_outstandingtoken_id_seq
    START WITH 1
    INCREMENT BY 1
    NO MINVALUE
    NO MAXVALUE
    CACHE 1
);


--
-- Name: users_user; Type: TABLE; Schema: public; Owner: postgres
--

CREATE TABLE public.users_user (
    id bigint NOT NULL,
    password character varying(128) NOT NULL,
    last_login timestamp with time zone,
    is_superuser boolean NOT NULL,
    username character varying(150) NOT NULL,
    first_name character varying(150) NOT NULL,
    last_name character varying(150) NOT NULL,
    is_staff boolean NOT NULL,
    is_active boolean NOT NULL,
    date_joined timestamp with time zone NOT NULL,
    email character varying(254) NOT NULL,
    is_company boolean NOT NULL,
    is_applicant boolean NOT NULL,
    has_applicant_acc boolean NOT NULL,
    has_company_acc boolean NOT NULL,
    google_id character varying(255)
);


ALTER TABLE public.users_user OWNER TO postgres;

--
-- Name: users_user_groups; Type: TABLE; Schema: public; Owner: postgres
--

CREATE TABLE public.users_user_groups (
    id bigint NOT NULL,
    user_id bigint NOT NULL,
    group_id integer NOT NULL
);


ALTER TABLE public.users_user_groups OWNER TO postgres;

--
-- Name: users_user_groups_id_seq; Type: SEQUENCE; Schema: public; Owner: postgres
--

ALTER TABLE public.users_user_groups ALTER COLUMN id ADD GENERATED BY DEFAULT AS IDENTITY (
    SEQUENCE NAME public.users_user_groups_id_seq
    START WITH 1
    INCREMENT BY 1
    NO MINVALUE
    NO MAXVALUE
    CACHE 1
);


--
-- Name: users_user_id_seq; Type: SEQUENCE; Schema: public; Owner: postgres
--

ALTER TABLE public.users_user ALTER COLUMN id ADD GENERATED BY DEFAULT AS IDENTITY (
    SEQUENCE NAME public.users_user_id_seq
    START WITH 1
    INCREMENT BY 1
    NO MINVALUE
    NO MAXVALUE
    CACHE 1
);


--
-- Name: users_user_user_permissions; Type: TABLE; Schema: public; Owner: postgres
--

CREATE TABLE public.users_user_user_permissions (
    id bigint NOT NULL,
    user_id bigint NOT NULL,
    permission_id integer NOT NULL
);


ALTER TABLE public.users_user_user_permissions OWNER TO postgres;

--
-- Name: users_user_user_permissions_id_seq; Type: SEQUENCE; Schema: public; Owner: postgres
--

ALTER TABLE public.users_user_user_permissions ALTER COLUMN id ADD GENERATED BY DEFAULT AS IDENTITY (
    SEQUENCE NAME public.users_user_user_permissions_id_seq
    START WITH 1
    INCREMENT BY 1
    NO MINVALUE
    NO MAXVALUE
    CACHE 1
);


--
-- Data for Name: account_emailaddress; Type: TABLE DATA; Schema: public; Owner: postgres
--

COPY public.account_emailaddress (id, email, verified, "primary", user_id) FROM stdin;
1	sweetintensesity@gmail.com	t	f	4
\.


--
-- Data for Name: account_emailconfirmation; Type: TABLE DATA; Schema: public; Owner: postgres
--

COPY public.account_emailconfirmation (id, created, sent, key, email_address_id) FROM stdin;
\.


--
-- Data for Name: applicant_applicant; Type: TABLE DATA; Schema: public; Owner: postgres
--

COPY public.applicant_applicant (id, first_name, sex, date_of_birth, age, contact_number, present_address, linkedin_profile, user_id, last_name, middle_name, postal_code, province, region, barangay, city) FROM stdin;
2	\N	\N	\N	\N	\N	\N	\N	12	\N	\N	\N	\N	\N	\N	\N
3	\N	\N	\N	\N	\N	\N	\N	17	\N	\N	\N	\N	\N	\N	\N
4	\N	\N	\N	\N	\N	\N	\N	18	\N	\N	\N	\N	\N	\N	\N
5	\N	\N	\N	\N	\N	\N	\N	20	\N	\N	\N	\N	\N	\N	\N
1	John Doe	Male	1990-01-01	34	9123456789	123 Main St	https://www.linkedin.com/in/johndoe	2	Smith	A.	\N	141100000	140000000	141102007	141102000
\.


--
-- Data for Name: applicant_applicant_saved_jobs; Type: TABLE DATA; Schema: public; Owner: postgres
--

COPY public.applicant_applicant_saved_jobs (id, applicant_id, jobhiring_id) FROM stdin;
1	1	3
\.


--
-- Data for Name: auth_group; Type: TABLE DATA; Schema: public; Owner: postgres
--

COPY public.auth_group (id, name) FROM stdin;
\.


--
-- Data for Name: auth_group_permissions; Type: TABLE DATA; Schema: public; Owner: postgres
--

COPY public.auth_group_permissions (id, group_id, permission_id) FROM stdin;
\.


--
-- Data for Name: auth_permission; Type: TABLE DATA; Schema: public; Owner: postgres
--

COPY public.auth_permission (id, name, content_type_id, codename) FROM stdin;
1	Can add log entry	1	add_logentry
2	Can change log entry	1	change_logentry
3	Can delete log entry	1	delete_logentry
4	Can view log entry	1	view_logentry
5	Can add permission	2	add_permission
6	Can change permission	2	change_permission
7	Can delete permission	2	delete_permission
8	Can view permission	2	view_permission
9	Can add group	3	add_group
10	Can change group	3	change_group
11	Can delete group	3	delete_group
12	Can view group	3	view_group
13	Can add content type	4	add_contenttype
14	Can change content type	4	change_contenttype
15	Can delete content type	4	delete_contenttype
16	Can view content type	4	view_contenttype
17	Can add session	5	add_session
18	Can change session	5	change_session
19	Can delete session	5	delete_session
20	Can view session	5	view_session
21	Can add user	6	add_user
22	Can change user	6	change_user
23	Can delete user	6	delete_user
24	Can view user	6	view_user
25	Can add applicant	7	add_applicant
26	Can change applicant	7	change_applicant
27	Can delete applicant	7	delete_applicant
28	Can view applicant	7	view_applicant
29	Can add company	8	add_company
30	Can change company	8	change_company
31	Can delete company	8	delete_company
32	Can view company	8	view_company
33	Can add job hiring	9	add_jobhiring
34	Can change job hiring	9	change_jobhiring
35	Can delete job hiring	9	delete_jobhiring
36	Can view job hiring	9	view_jobhiring
37	Can add scoring criteria	10	add_scoringcriteria
38	Can change scoring criteria	10	change_scoringcriteria
39	Can delete scoring criteria	10	delete_scoringcriteria
40	Can view scoring criteria	10	view_scoringcriteria
41	Can add job application	11	add_jobapplication
42	Can change job application	11	change_jobapplication
43	Can delete job application	11	delete_jobapplication
44	Can view job application	11	view_jobapplication
45	Can add job application document	12	add_jobapplicationdocument
46	Can change job application document	12	change_jobapplicationdocument
47	Can delete job application document	12	delete_jobapplicationdocument
48	Can view job application document	12	view_jobapplicationdocument
49	Can add Token	13	add_token
50	Can change Token	13	change_token
51	Can delete Token	13	delete_token
52	Can view Token	13	view_token
53	Can add Token	14	add_tokenproxy
54	Can change Token	14	change_tokenproxy
55	Can delete Token	14	delete_tokenproxy
56	Can view Token	14	view_tokenproxy
57	Can add site	15	add_site
58	Can change site	15	change_site
59	Can delete site	15	delete_site
60	Can view site	15	view_site
61	Can add email address	16	add_emailaddress
62	Can change email address	16	change_emailaddress
63	Can delete email address	16	delete_emailaddress
64	Can view email address	16	view_emailaddress
65	Can add email confirmation	17	add_emailconfirmation
66	Can change email confirmation	17	change_emailconfirmation
67	Can delete email confirmation	17	delete_emailconfirmation
68	Can view email confirmation	17	view_emailconfirmation
69	Can add social account	18	add_socialaccount
70	Can change social account	18	change_socialaccount
71	Can delete social account	18	delete_socialaccount
72	Can view social account	18	view_socialaccount
73	Can add social application	19	add_socialapp
74	Can change social application	19	change_socialapp
75	Can delete social application	19	delete_socialapp
76	Can view social application	19	view_socialapp
77	Can add social application token	20	add_socialtoken
78	Can change social application token	20	change_socialtoken
79	Can delete social application token	20	delete_socialtoken
80	Can view social application token	20	view_socialtoken
81	Can add recent search	21	add_recentsearch
82	Can change recent search	21	change_recentsearch
83	Can delete recent search	21	delete_recentsearch
84	Can view recent search	21	view_recentsearch
85	Can add association	22	add_association
86	Can change association	22	change_association
87	Can delete association	22	delete_association
88	Can view association	22	view_association
89	Can add code	23	add_code
90	Can change code	23	change_code
91	Can delete code	23	delete_code
92	Can view code	23	view_code
93	Can add nonce	24	add_nonce
94	Can change nonce	24	change_nonce
95	Can delete nonce	24	delete_nonce
96	Can view nonce	24	view_nonce
97	Can add user social auth	25	add_usersocialauth
98	Can change user social auth	25	change_usersocialauth
99	Can delete user social auth	25	delete_usersocialauth
100	Can view user social auth	25	view_usersocialauth
101	Can add partial	26	add_partial
102	Can change partial	26	change_partial
103	Can delete partial	26	delete_partial
104	Can view partial	26	view_partial
105	Can add blacklisted token	27	add_blacklistedtoken
106	Can change blacklisted token	27	change_blacklistedtoken
107	Can delete blacklisted token	27	delete_blacklistedtoken
108	Can view blacklisted token	27	view_blacklistedtoken
109	Can add outstanding token	28	add_outstandingtoken
110	Can change outstanding token	28	change_outstandingtoken
111	Can delete outstanding token	28	delete_outstandingtoken
112	Can view outstanding token	28	view_outstandingtoken
\.


--
-- Data for Name: authtoken_token; Type: TABLE DATA; Schema: public; Owner: postgres
--

COPY public.authtoken_token (key, created, user_id) FROM stdin;
72ac481d95ac5f306600048c7226af0bfc737be3	2024-11-09 00:31:52.126502+08	2
\.


--
-- Data for Name: company_company; Type: TABLE DATA; Schema: public; Owner: postgres
--

COPY public.company_company (id, company_name, industry, number_of_employees, hr_name, contact_number, company_address, user_id) FROM stdin;
1	Google Company	tech industry	5	Jane Doe	987654321	Company 1 St Random City	1
2	\N	\N	\N	\N	\N	\N	13
3	\N	\N	\N	\N	\N	\N	14
4	\N	\N	\N	\N	\N	\N	15
5	\N	\N	\N	\N	\N	\N	16
6	\N	\N	\N	\N	\N	\N	19
7	\N	\N	\N	\N	\N	\N	21
\.


--
-- Data for Name: django_admin_log; Type: TABLE DATA; Schema: public; Owner: postgres
--

COPY public.django_admin_log (id, action_time, object_id, object_repr, action_flag, change_message, content_type_id, user_id) FROM stdin;
1	2024-11-27 00:05:08.080325+08	1	example.com	3		15	3
2	2024-11-27 00:05:36.632323+08	2	http://127.0.0.1:8000	1	[{"added": {}}]	15	3
3	2024-11-27 00:07:32.247013+08	1	google	1	[{"added": {}}]	19	3
4	2024-11-27 00:07:43.902752+08	1	google	2	[]	19	3
5	2024-12-05 19:15:02.53384+08	4	sweetintensesity@gmail.com	2	[{"changed": {"fields": ["Username"]}}]	6	3
6	2024-12-05 19:30:38.692296+08	1	sweetintensesity@gmail.com	1	[{"added": {}}]	16	3
\.


--
-- Data for Name: django_content_type; Type: TABLE DATA; Schema: public; Owner: postgres
--

COPY public.django_content_type (id, app_label, model) FROM stdin;
1	admin	logentry
2	auth	permission
3	auth	group
4	contenttypes	contenttype
5	sessions	session
6	users	user
7	applicant	applicant
8	company	company
9	jobs	jobhiring
10	jobs	scoringcriteria
11	jobs	jobapplication
12	jobs	jobapplicationdocument
13	authtoken	token
14	authtoken	tokenproxy
15	sites	site
16	account	emailaddress
17	account	emailconfirmation
18	socialaccount	socialaccount
19	socialaccount	socialapp
20	socialaccount	socialtoken
21	jobs	recentsearch
22	social_django	association
23	social_django	code
24	social_django	nonce
25	social_django	usersocialauth
26	social_django	partial
27	token_blacklist	blacklistedtoken
28	token_blacklist	outstandingtoken
\.


--
-- Data for Name: django_migrations; Type: TABLE DATA; Schema: public; Owner: postgres
--

COPY public.django_migrations (id, app, name, applied) FROM stdin;
1	contenttypes	0001_initial	2024-10-22 20:23:59.340555+08
2	contenttypes	0002_remove_content_type_name	2024-10-22 20:23:59.36874+08
3	auth	0001_initial	2024-10-22 20:23:59.448417+08
4	auth	0002_alter_permission_name_max_length	2024-10-22 20:23:59.448417+08
5	auth	0003_alter_user_email_max_length	2024-10-22 20:23:59.476701+08
6	auth	0004_alter_user_username_opts	2024-10-22 20:23:59.492895+08
7	auth	0005_alter_user_last_login_null	2024-10-22 20:23:59.505187+08
8	auth	0006_require_contenttypes_0002	2024-10-22 20:23:59.505187+08
9	auth	0007_alter_validators_add_error_messages	2024-10-22 20:23:59.523997+08
10	auth	0008_alter_user_username_max_length	2024-10-22 20:23:59.538393+08
11	auth	0009_alter_user_last_name_max_length	2024-10-22 20:23:59.553059+08
12	auth	0010_alter_group_name_max_length	2024-10-22 20:23:59.570204+08
13	auth	0011_update_proxy_permissions	2024-10-22 20:23:59.584984+08
14	auth	0012_alter_user_first_name_max_length	2024-10-22 20:23:59.590654+08
15	users	0001_initial	2024-10-22 20:23:59.682595+08
16	admin	0001_initial	2024-10-22 20:23:59.733402+08
17	admin	0002_logentry_remove_auto_add	2024-10-22 20:23:59.752176+08
18	admin	0003_logentry_add_action_flag_choices	2024-10-22 20:23:59.771366+08
19	applicant	0001_initial	2024-10-22 20:23:59.78839+08
20	applicant	0002_initial	2024-10-22 20:23:59.821898+08
21	applicant	0003_alter_applicant_contact_number	2024-10-22 20:23:59.840255+08
22	company	0001_initial	2024-10-22 20:23:59.86069+08
23	company	0002_initial	2024-10-22 20:23:59.888751+08
24	company	0003_alter_company_company_address	2024-10-22 20:23:59.917715+08
25	jobs	0001_initial	2024-10-22 20:24:00.031033+08
26	jobs	0002_delete_jobapplication	2024-10-22 20:24:00.046653+08
27	sessions	0001_initial	2024-10-22 20:24:00.08151+08
28	applicant	0004_applicant_saved_jobs_alter_applicant_contact_number	2024-11-01 22:23:27.394738+08
29	jobs	0003_jobhiring_schedule_alter_jobhiring_salary_and_more	2024-11-01 22:23:27.553639+08
30	users	0002_user_has_applicant_acc_user_has_company_acc	2024-11-01 22:23:27.584636+08
31	applicant	0005_alter_applicant_age_alter_applicant_contact_number_and_more	2024-11-01 23:37:42.181888+08
32	company	0004_alter_company_company_address_and_more	2024-11-01 23:37:42.334792+08
33	applicant	0006_alter_applicant_contact_number	2024-11-01 23:48:24.409977+08
34	company	0005_alter_company_contact_number	2024-11-01 23:48:24.46954+08
35	applicant	0007_rename_first_name_applicant_applicant_name_and_more	2024-11-02 17:46:48.838745+08
36	jobs	0004_rename_preference_scoringcriteria_preference1_and_more	2024-11-03 18:39:02.257267+08
37	jobs	0005_rename_preference1_scoringcriteria_preference_and_more	2024-11-03 19:46:16.970772+08
38	jobs	0006_rename_note_jobhiring_additional_notes_and_more	2024-11-07 19:46:16.800863+08
39	authtoken	0001_initial	2024-11-08 21:14:03.957074+08
40	authtoken	0002_auto_20160226_1747	2024-11-08 21:14:04.076566+08
41	authtoken	0003_tokenproxy	2024-11-08 21:14:04.08554+08
42	authtoken	0004_alter_tokenproxy_options	2024-11-08 21:14:04.099055+08
43	jobs	0007_remove_jobapplication_applicant_name_and_more	2024-11-09 20:18:50.614765+08
44	account	0001_initial	2024-11-27 00:00:50.43447+08
45	account	0002_email_max_length	2024-11-27 00:00:50.500091+08
46	account	0003_alter_emailaddress_create_unique_verified_email	2024-11-27 00:00:50.596425+08
47	account	0004_alter_emailaddress_drop_unique_email	2024-11-27 00:00:50.696433+08
48	account	0005_emailaddress_idx_upper_email	2024-11-27 00:00:50.769785+08
49	account	0006_emailaddress_lower	2024-11-27 00:00:50.859878+08
50	account	0007_emailaddress_idx_email	2024-11-27 00:00:50.947161+08
51	account	0008_emailaddress_unique_primary_email_fixup	2024-11-27 00:00:51.093882+08
52	account	0009_emailaddress_unique_primary_email	2024-11-27 00:00:51.149734+08
53	jobs	0008_alter_jobapplication_application_status_recentsearch	2024-11-27 00:00:51.31004+08
54	sites	0001_initial	2024-11-27 00:00:51.331233+08
55	sites	0002_alter_domain_unique	2024-11-27 00:00:51.354173+08
56	socialaccount	0001_initial	2024-11-27 00:00:51.625647+08
57	socialaccount	0002_token_max_lengths	2024-11-27 00:00:51.722054+08
58	socialaccount	0003_extra_data_default_dict	2024-11-27 00:00:51.77268+08
59	socialaccount	0004_app_provider_id_settings	2024-11-27 00:00:51.865058+08
60	socialaccount	0005_socialtoken_nullable_app	2024-11-27 00:00:51.965029+08
61	socialaccount	0006_alter_socialaccount_extra_data	2024-11-27 00:00:52.042399+08
62	users	0003_user_google_id	2024-12-04 22:49:10.534163+08
63	default	0001_initial	2024-12-05 17:31:47.667413+08
64	social_auth	0001_initial	2024-12-05 17:31:47.677451+08
65	default	0002_add_related_name	2024-12-05 17:31:47.73645+08
66	social_auth	0002_add_related_name	2024-12-05 17:31:47.746258+08
67	default	0003_alter_email_max_length	2024-12-05 17:31:47.78355+08
68	social_auth	0003_alter_email_max_length	2024-12-05 17:31:47.788537+08
69	default	0004_auto_20160423_0400	2024-12-05 17:31:47.826583+08
70	social_auth	0004_auto_20160423_0400	2024-12-05 17:31:47.831183+08
71	social_auth	0005_auto_20160727_2333	2024-12-05 17:31:47.85025+08
72	social_django	0006_partial	2024-12-05 17:31:47.882972+08
73	social_django	0007_code_timestamp	2024-12-05 17:31:47.909523+08
74	social_django	0008_partial_timestamp	2024-12-05 17:31:47.932383+08
75	social_django	0009_auto_20191118_0520	2024-12-05 17:31:48.028478+08
76	social_django	0010_uid_db_index	2024-12-05 17:31:48.067175+08
77	social_django	0011_alter_id_fields	2024-12-05 17:31:48.217379+08
78	social_django	0012_usersocialauth_extra_data_new	2024-12-05 17:31:48.287611+08
79	social_django	0013_migrate_extra_data	2024-12-05 17:31:48.347179+08
80	social_django	0014_remove_usersocialauth_extra_data	2024-12-05 17:31:48.387448+08
81	social_django	0015_rename_extra_data_new_usersocialauth_extra_data	2024-12-05 17:31:48.437335+08
82	social_django	0016_alter_usersocialauth_extra_data	2024-12-05 17:31:48.471245+08
83	social_django	0003_alter_email_max_length	2024-12-05 17:31:48.491739+08
84	social_django	0005_auto_20160727_2333	2024-12-05 17:31:48.498536+08
85	social_django	0004_auto_20160423_0400	2024-12-05 17:31:48.504521+08
86	social_django	0001_initial	2024-12-05 17:31:48.51312+08
87	social_django	0002_add_related_name	2024-12-05 17:31:48.517153+08
88	applicant	0008_rename_applicant_name_applicant_first_name_and_more	2025-01-10 14:12:40.62307+08
89	applicant	0009_applicant_barangay_applicant_city_and_more	2025-01-10 14:12:40.724111+08
90	jobs	0009_remove_jobapplication_scores_and_more	2025-01-10 14:12:40.818649+08
91	jobs	0010_alter_jobapplication_application_status	2025-01-10 14:12:40.841471+08
92	token_blacklist	0001_initial	2025-01-10 14:12:41.003715+08
93	token_blacklist	0002_outstandingtoken_jti_hex	2025-01-10 14:12:41.043795+08
94	token_blacklist	0003_auto_20171017_2007	2025-01-10 14:12:41.107456+08
95	token_blacklist	0004_auto_20171017_2013	2025-01-10 14:12:41.157671+08
96	token_blacklist	0005_remove_outstandingtoken_jti	2025-01-10 14:12:41.190933+08
97	token_blacklist	0006_auto_20171017_2113	2025-01-10 14:12:41.232764+08
98	token_blacklist	0007_auto_20171017_2214	2025-01-10 14:12:41.3661+08
99	token_blacklist	0008_migrate_to_bigautofield	2025-01-10 14:12:41.489925+08
100	token_blacklist	0010_fix_migrate_to_bigautofield	2025-01-10 14:12:41.558667+08
101	token_blacklist	0011_linearizes_history	2025-01-10 14:12:41.566644+08
102	token_blacklist	0012_alter_outstandingtoken_user	2025-01-10 14:12:41.607079+08
\.


--
-- Data for Name: django_session; Type: TABLE DATA; Schema: public; Owner: postgres
--

COPY public.django_session (session_key, session_data, expire_date) FROM stdin;
kqbbv0o5njig7szurbr9mbqp10ap63dz	.eJxVjEsOwjAMRO-SNaoSt7FrlkicIzKOo1R8FoSuEHcvkbqA1ejN08zbJVlfNa3NnmnJ7ujAHX67i-jVHl10bMPObTjfZbmddvs3qdJqPyIw9MVjYJqAPRRCnpUpF4yjiXqxHEcyFYuBjHEmC_QNLRBJ3GcDb34yJA:1t9MIE:yhY-WcQtoz_lwqtfWnjaa84gsz2y-FrHWUzZkuSsYjs	2024-11-22 18:32:42.582157+08
x4c551m7v5la7wx0f4etpnkuzg05qynb	.eJxVjEsOwjAMRO-SNaoSt7FrlkicIzKOo1R8FoSuEHcvkbqA1ejN08zbJVlfNa3NnmnJ7ujAHX67i-jVHl10bMPObTjfZbmddvs3qdJqPyIw9MVjYJqAPRRCnpUpF4yjiXqxHEcyFYuBjHEmC_QNLRBJ3GcDb34yJA:1t9OHt:wU1Lj1Gz4aJU_kB3wl7uKcBRBUwdu3lNQ8ZwX-Ta7kg	2024-11-22 20:40:29.699405+08
c1oce5oyan7xnehl8mprc5yqxwpc7ai5	.eJxVjEsOwjAMRO-SNaoSt7FrlkicIzKOo1R8FoSuEHcvkbqA1ejN08zbJVlfNa3NnmnJ7ujAHX67i-jVHl10bMPObTjfZbmddvs3qdJqPyIw9MVjYJqAPRRCnpUpF4yjiXqxHEcyFYuBjHEmC_QNLRBJ3GcDb34yJA:1t9OJw:29ZBCL-mv7Lc8avG3ynYtbcNEfPDI6wdhcYSUGPBYKg	2024-11-22 20:42:36.262298+08
ri4hley01228p2n93t368wx19ekb2oqz	.eJxVjEsOwjAMRO-SNaoSt7FrlkicIzKOo1R8FoSuEHcvkbqA1ejN08zbJVlfNa3NnmnJ7ujAHX67i-jVHl10bMPObTjfZbmddvs3qdJqPyIw9MVjYJqAPRRCnpUpF4yjiXqxHEcyFYuBjHEmC_QNLRBJ3GcDb34yJA:1t9OYX:1VmK_bSvvy65cNkBJ9rZ2BSDgwOq6fYl6SY7_Ueh8WY	2024-11-22 20:57:41.752802+08
5du3h6ubjo35on0egj1ubibzrb127s3o	.eJxVjEsOwjAMRO-SNaoSt7FrlkicIzKOo1R8FoSuEHcvkbqA1ejN08zbJVlfNa3NnmnJ7ujAHX67i-jVHl10bMPObTjfZbmddvs3qdJqPyIw9MVjYJqAPRRCnpUpF4yjiXqxHEcyFYuBjHEmC_QNLRBJ3GcDb34yJA:1t9OiS:sDVUKTkvljWU4iu5yGx1ZgYIdl8b6j2GBdpEChkCD9M	2024-11-22 21:07:56.897962+08
vufluv97mb50ujjgr96ah3h2n93h0b0j	.eJxVjEsOwjAMRO-SNaoSt7FrlkicIzKOo1R8FoSuEHcvkbqA1ejN08zbJVlfNa3NnmnJ7ujAHX67i-jVHl10bMPObTjfZbmddvs3qdJqPyIw9MVjYJqAPRRCnpUpF4yjiXqxHEcyFYuBjHEmC_QNLRBJ3GcDb34yJA:1t9Qg2:4u0fCi2W7EFFHpbhukL5M0cZKYN0QbUJyyDoCdM7I4A	2024-11-22 23:13:34.202796+08
3siklmrtr9tui04a4dga44yh5gezhlns	.eJxVjEsOwjAMRO-SNaoSt7FrlkicIzKOo1R8FoSuEHcvkbqA1ejN08zbJVlfNa3NnmnJ7ujAHX67i-jVHl10bMPObTjfZbmddvs3qdJqPyIw9MVjYJqAPRRCnpUpF4yjiXqxHEcyFYuBjHEmC_QNLRBJ3GcDb34yJA:1t9j5K:EQ0DO6FM8pmDJalSJK5Iqx5XwVhgA6JKgcR3NtJ07nc	2024-11-23 18:52:54.77366+08
d0n8fdvcfukkbtnbajontqzcn6o1wywa	.eJxVjEsOwjAMRO-SNaoSt7FrlkicIzKOo1R8FoSuEHcvkbqA1ejN08zbJVlfNa3NnmnJ7ujAHX67i-jVHl10bMPObTjfZbmddvs3qdJqPyIw9MVjYJqAPRRCnpUpF4yjiXqxHEcyFYuBjHEmC_QNLRBJ3GcDb34yJA:1t9jop:BR8O86k777I-YrirIK9El0sgH7NflKu9A2etP868jec	2024-11-23 19:39:55.767369+08
jc12xkwp71vdj7fdtrq1sff69lipvqx8	.eJxVjEsOwjAMRO-SNaoSt7FrlkicIzKOo1R8FoSuEHcvkbqA1ejN08zbJVlfNa3NnmnJ7ujAHX67i-jVHl10bMPObTjfZbmddvs3qdJqPyIw9MVjYJqAPRRCnpUpF4yjiXqxHEcyFYuBjHEmC_QNLRBJ3GcDb34yJA:1tA6Hi:0ebq6mUDU_bJhr9VmT5-38TpVISEaQb3rw403m-vHP0	2024-11-24 19:39:14.721441+08
v78nxcp72n410bpm221drkmdg13ftm9q	.eJxVjEsOwjAMRO-SNaoSt7FrlkicIzKOo1R8FoSuEHcvkbqA1ejN08zbJVlfNa3NnmnJ7ujAHX67i-jVHl10bMPObTjfZbmddvs3qdJqPyIw9MVjYJqAPRRCnpUpF4yjiXqxHEcyFYuBjHEmC_QNLRBJ3GcDb34yJA:1tA6RP:H-VxjSLLrx4Mor3lHTQuCWiB885KFAU__Abbz-wT-iE	2024-11-24 19:49:15.396378+08
1k8lrn3tc8b7dmg8va818udcgz0n8y7v	.eJxVizsOg0AMBe_iOkLYXrBJGSnnWHkNq0X5FNlQRbl7gkQB5byZ94Foy7vEpU6vOI9wBobTfkvmt-m5ihVrs3Ftrg-b75fNHi7Favn37qYDUZ9RXViFid24F86IQ0iIpBKYW0IjcezQElvwrJmka2WE7w9i2jFY:1tFy2n:13YhTo69TLFq10M_PmX5X8qRYHOJz_oZCfqoJ8ZwU58	2024-12-11 00:04:05.532459+08
\.


--
-- Data for Name: django_site; Type: TABLE DATA; Schema: public; Owner: postgres
--

COPY public.django_site (id, domain, name) FROM stdin;
2	http://127.0.0.1:8000	http://127.0.0.1:8000/
3	127.0.0.1	localhost
\.


--
-- Data for Name: jobs_jobapplication; Type: TABLE DATA; Schema: public; Owner: postgres
--

COPY public.jobs_jobapplication (job_application_id, email, application_date, application_status, applicant_id, job_hiring_id) FROM stdin;
38	applicat1@email.com	2024-11-09	Pending	1	3
20	applicat1@email.com	2024-11-09	Pending	1	3
22	applicat1@email.com	2024-11-09	Pending	1	3
23	applicat1@email.com	2024-11-09	Pending	1	3
24	applicat1@email.com	2024-11-09	Pending	1	3
26	applicat1@email.com	2024-11-09	Pending	1	3
27	applicat1@email.com	2024-11-09	Pending	1	3
28	applicat1@email.com	2024-11-09	Pending	1	3
29	applicat1@email.com	2024-11-09	Pending	1	3
30	applicat1@email.com	2024-11-09	Pending	1	3
31	applicat1@email.com	2024-11-09	Pending	1	3
32	applicat1@email.com	2024-11-09	Pending	1	3
33	applicat1@email.com	2024-11-09	Pending	1	3
34	applicat1@email.com	2024-11-09	Pending	1	3
35	applicat1@email.com	2024-11-09	Pending	1	3
36	applicat1@email.com	2024-11-09	Pending	1	3
37	applicat1@email.com	2024-11-09	Pending	1	3
39	applicat1@email.com	2024-11-09	Pending	1	3
40	applicat1@email.com	2024-11-09	Pending	1	3
21	applicat1@email.com	2024-11-09	Cancelled	1	3
25	applicat1@email.com	2024-11-09	Cancelled	1	3
41	applicant1@email.com	2024-11-10	Pending	1	3
42	applicant1@email.com	2024-11-10	Pending	1	3
43	applicant1@email.com	2024-11-10	Pending	1	3
44	applicant1@email.com	2024-11-10	Pending	1	3
45	applicant1@email.com	2024-11-10	Pending	1	3
46	applicant1@email.com	2024-11-10	Pending	1	3
47	applicant1@email.com	2024-11-10	Pending	1	3
48	applicant1@email.com	2024-11-10	Pending	1	3
49	applicant1@email.com	2024-11-10	Pending	1	3
50	applicant1@email.com	2024-11-10	Pending	1	3
51	applicant1@email.com	2024-11-10	Pending	1	3
52	applicant1@email.com	2024-11-10	Pending	1	3
54	applicant1@email.com	2024-11-10	Pending	1	3
53	applicant1@email.com	2024-11-10	Cancelled	1	3
55	applicant1@email.com	2025-01-11	draft	2	3
56	applicant1@email.com	2025-01-11	draft	2	3
57	applicant1@email.com	2025-01-11	Pending	2	3
\.


--
-- Data for Name: jobs_jobapplicationdocument; Type: TABLE DATA; Schema: public; Owner: postgres
--

COPY public.jobs_jobapplicationdocument (id, document_type, document_file, job_application_id) FROM stdin;
3	Resume	job_application_documents/Resume.jpg	20
4	Resume	job_application_documents/Resume_ovIXhhr.jpg	22
5	Resume	job_application_documents/Resume_aFop7do.jpg	26
6	Resume	documents/Resume.jpg	33
7	Resume	documents/Resume_r4RDXHX.jpg	35
8	Resume	documents/Resume_8dN4Fte.jpg	36
9	Resume	documents/Resume_mLDOhwX.jpg	37
10	{"Resume", "Cetification}	documents/Resume_g344RpN.jpg	38
11	Resume	documents/Resume_VuIBH6X.jpg	40
12	Certification	documents/UC-f4a2cad0-0b24-44ec-b602-682fc0053342.pdf	40
13	Resume	documents/UC-f4a2cad0-0b24-44ec-b602-682fc0053342.pdf	52
14	Resume	documents/UC-f4a2cad0-0b24-44ec-b602-682fc0053342_PAVA4Nm.pdf	53
15	Resume	documents/UC-f4a2cad0-0b24-44ec-b602-682fc0053342_rcBxgZz.pdf	54
16	Educational Documents	documents/Resume.jpg	54
17	Certifications	documents/Resume_Kfggziu.jpg	54
\.


--
-- Data for Name: jobs_jobhiring; Type: TABLE DATA; Schema: public; Owner: postgres
--

COPY public.jobs_jobhiring (job_hiring_id, job_industry, job_title, work_location, work_setup, employment_type, num_positions, job_description, experience_level, qualifications, salary, benefits, verification_option, creation_date, application_deadline, status, company_id, schedule, frequency, additional_notes, required_documents) FROM stdin;
3	Technology	Updated Software Engineering	San Francisco	Hybrid	Full-time	2	We are looking for a skilled software engineer.	Mid-level	Bachelor's degree in Computer Science.	{"max": 120000, "min": 90000}	{"health": "Comprehensive", "vacation_days": 20}	Ignore Unverified Credentials	2024-11-07	2025-01-15	Open	1	9 AM - 5 PM	Annual	\N	\N
\.


--
-- Data for Name: jobs_recentsearch; Type: TABLE DATA; Schema: public; Owner: postgres
--

COPY public.jobs_recentsearch (id, job_title, job_industry, work_location, creation_date, work_setup, employment_type, salary, experience_level, user_id) FROM stdin;
\.


--
-- Data for Name: jobs_recentsearch_job_hirings; Type: TABLE DATA; Schema: public; Owner: postgres
--

COPY public.jobs_recentsearch_job_hirings (id, recentsearch_id, jobhiring_id) FROM stdin;
\.


--
-- Data for Name: jobs_scoringcriteria; Type: TABLE DATA; Schema: public; Owner: postgres
--

COPY public.jobs_scoringcriteria (id, criteria_name, weight_percentage, preference, job_hiring_id) FROM stdin;
4	Technical Skills	40.00	{"skills": ["Python", "Django"]}	3
5	Problem Solving	30.00	{"skills": ["Algorithms", "System Design"]}	3
6	Communication Skills	30.00	{"languages": ["English"]}	3
\.


--
-- Data for Name: social_auth_association; Type: TABLE DATA; Schema: public; Owner: postgres
--

COPY public.social_auth_association (id, server_url, handle, secret, issued, lifetime, assoc_type) FROM stdin;
\.


--
-- Data for Name: social_auth_code; Type: TABLE DATA; Schema: public; Owner: postgres
--

COPY public.social_auth_code (id, email, code, verified, "timestamp") FROM stdin;
\.


--
-- Data for Name: social_auth_nonce; Type: TABLE DATA; Schema: public; Owner: postgres
--

COPY public.social_auth_nonce (id, server_url, "timestamp", salt) FROM stdin;
\.


--
-- Data for Name: social_auth_partial; Type: TABLE DATA; Schema: public; Owner: postgres
--

COPY public.social_auth_partial (id, token, next_step, backend, "timestamp", data) FROM stdin;
\.


--
-- Data for Name: social_auth_usersocialauth; Type: TABLE DATA; Schema: public; Owner: postgres
--

COPY public.social_auth_usersocialauth (id, provider, uid, user_id, created, modified, extra_data) FROM stdin;
\.


--
-- Data for Name: socialaccount_socialaccount; Type: TABLE DATA; Schema: public; Owner: postgres
--

COPY public.socialaccount_socialaccount (id, provider, uid, last_login, date_joined, extra_data, user_id) FROM stdin;
\.


--
-- Data for Name: socialaccount_socialapp; Type: TABLE DATA; Schema: public; Owner: postgres
--

COPY public.socialaccount_socialapp (id, provider, name, client_id, secret, key, provider_id, settings) FROM stdin;
1	google	google	90810976706-fcmfefhfhdsdvk8an3lo5nd1899ss6mu.apps.googleusercontent.com	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			{}
\.


--
-- Data for Name: socialaccount_socialapp_sites; Type: TABLE DATA; Schema: public; Owner: postgres
--

COPY public.socialaccount_socialapp_sites (id, socialapp_id, site_id) FROM stdin;
1	1	2
\.


--
-- Data for Name: socialaccount_socialtoken; Type: TABLE DATA; Schema: public; Owner: postgres
--

COPY public.socialaccount_socialtoken (id, token, token_secret, expires_at, account_id, app_id) FROM stdin;
\.


--
-- Data for Name: token_blacklist_blacklistedtoken; Type: TABLE DATA; Schema: public; Owner: postgres
--

COPY public.token_blacklist_blacklistedtoken (id, blacklisted_at, token_id) FROM stdin;
\.


--
-- Data for Name: token_blacklist_outstandingtoken; Type: TABLE DATA; Schema: public; Owner: postgres
--

COPY public.token_blacklist_outstandingtoken (id, token, created_at, expires_at, user_id, jti) FROM stdin;
1	eyJhbGciOiJIUzI1NiIsInR5cCI6IkpXVCJ9.eyJ0b2tlbl90eXBlIjoicmVmcmVzaCIsImV4cCI6MTc0NDI2NTk1MywiaWF0IjoxNzM2NDg5OTUzLCJqdGkiOiI2ZGY4NjJmZDc5Yzg0ZmEyYTQ1OWY5ZGMxMmRmNjcwOSIsInVzZXJfaWQiOjJ9.WrhsoA13bGWNDOOS9hduHA6g9rbdilNjsLR4zdbjOJU	2025-01-10 14:19:13.728518+08	2025-04-10 14:19:13+08	2	6df862fd79c84fa2a459f9dc12df6709
2	eyJhbGciOiJIUzI1NiIsInR5cCI6IkpXVCJ9.eyJ0b2tlbl90eXBlIjoicmVmcmVzaCIsImV4cCI6MTc0NDI4NzA1OSwiaWF0IjoxNzM2NTExMDU5LCJqdGkiOiJjYTc3YTNiZmU2Mjc0NjNkYTU2NGE4YWUyYjNmYjA1MyIsInVzZXJfaWQiOjJ9.Tf2C-YnyWrOSfACW7tvt_M9aWxiaqNjm5xjnHXhvFOc	2025-01-10 20:10:59.261973+08	2025-04-10 20:10:59+08	2	ca77a3bfe627463da564a8ae2b3fb053
3	eyJhbGciOiJIUzI1NiIsInR5cCI6IkpXVCJ9.eyJ0b2tlbl90eXBlIjoicmVmcmVzaCIsImV4cCI6MTc0NDI4NzE2MSwiaWF0IjoxNzM2NTExMTYxLCJqdGkiOiJjMWM5MzNlYjRlODk0Mzk5OTEzZTk1NTFmYzllYWVhOSIsInVzZXJfaWQiOjE5fQ.liLZllpHa1nGOpoU4QrIS-0TRbArBQK2mynOGbr5Zzo	2025-01-10 20:12:41.557455+08	2025-04-10 20:12:41+08	19	c1c933eb4e894399913e9551fc9eaea9
4	eyJhbGciOiJIUzI1NiIsInR5cCI6IkpXVCJ9.eyJ0b2tlbl90eXBlIjoicmVmcmVzaCIsImV4cCI6MTc0NDI4NzU4MiwiaWF0IjoxNzM2NTExNTgyLCJqdGkiOiIxNDc5NTc0NmJjNWQ0Y2NiOTdhNzBhNjY4YTg1NDNjNyIsInVzZXJfaWQiOjE5fQ.ghCkZyUfWjYEBr1OOr4JpKsool5_UST-Jbr65dVsqUE	2025-01-10 20:19:42.285395+08	2025-04-10 20:19:42+08	19	14795746bc5d4ccb97a70a668a8543c7
5	eyJhbGciOiJIUzI1NiIsInR5cCI6IkpXVCJ9.eyJ0b2tlbl90eXBlIjoicmVmcmVzaCIsImV4cCI6MTc0NDI4Nzc1OCwiaWF0IjoxNzM2NTExNzU4LCJqdGkiOiI5YWNjOTQ1NTkwODQ0ZTIyOGQ2NzMwM2QyOWRiNmE5ZSIsInVzZXJfaWQiOjIwfQ.jFoLCi4wecZKMFRVARC9ibyDhYS3HRiEDGANX0h8EYU	2025-01-10 20:22:38.658701+08	2025-04-10 20:22:38+08	20	9acc945590844e228d67303d29db6a9e
6	eyJhbGciOiJIUzI1NiIsInR5cCI6IkpXVCJ9.eyJ0b2tlbl90eXBlIjoicmVmcmVzaCIsImV4cCI6MTc0NDI4NzkyNCwiaWF0IjoxNzM2NTExOTI0LCJqdGkiOiJhN2MwZjc1NDBiMDc0N2UxOWE1ODFhNjBiYzM4NjlhZSIsInVzZXJfaWQiOjIxfQ.I_0sWKMZXkbAzQ9pWkid6-pYjWdWC_9Ap4iJKJJA3z8	2025-01-10 20:25:24.752748+08	2025-04-10 20:25:24+08	21	a7c0f7540b0747e19a581a60bc3869ae
7	eyJhbGciOiJIUzI1NiIsInR5cCI6IkpXVCJ9.eyJ0b2tlbl90eXBlIjoicmVmcmVzaCIsImV4cCI6MTc0NDM1NDk4NSwiaWF0IjoxNzM2NTc4OTg1LCJqdGkiOiI5YWU5ZDcwMTljNjg0MWNlYjQzNjJlZWVhODQ1NWUwYSIsInVzZXJfaWQiOjJ9.2CfJ9M4ZQ3C0PvZqTpNDdqt7po544nsWO3-EsR9A2rI	2025-01-11 15:03:05.79084+08	2025-04-11 15:03:05+08	2	9ae9d7019c6841ceb4362eeea8455e0a
8	eyJhbGciOiJIUzI1NiIsInR5cCI6IkpXVCJ9.eyJ0b2tlbl90eXBlIjoicmVmcmVzaCIsImV4cCI6MTc0NDM1NTA0OCwiaWF0IjoxNzM2NTc5MDQ4LCJqdGkiOiI0YmQzZDhiYjEwMWQ0NzQxYTExNDIyNzAwNTRkMDM4OSIsInVzZXJfaWQiOjE5fQ.6cQ6bUgnXX_gDE7y0ylstCOoqCXQAMJfysQ56TWOPVw	2025-01-11 15:04:08.022571+08	2025-04-11 15:04:08+08	19	4bd3d8bb101d4741a1142270054d0389
9	eyJhbGciOiJIUzI1NiIsInR5cCI6IkpXVCJ9.eyJ0b2tlbl90eXBlIjoicmVmcmVzaCIsImV4cCI6MTc0NDM1NTUyOSwiaWF0IjoxNzM2NTc5NTI5LCJqdGkiOiI0ZDI2NzZiZGQ2ZTQ0NmFjYTFmYTc3NDJhNDVhOGY1OSIsInVzZXJfaWQiOjJ9.xLMSUPQYY4b88rvOE-j5Qa4pB16fo6RoT0ceNIPzHJI	2025-01-11 15:12:09.693214+08	2025-04-11 15:12:09+08	2	4d2676bdd6e446aca1fa7742a45a8f59
10	eyJhbGciOiJIUzI1NiIsInR5cCI6IkpXVCJ9.eyJ0b2tlbl90eXBlIjoicmVmcmVzaCIsImV4cCI6MTc0NDM2MDc3NSwiaWF0IjoxNzM2NTg0Nzc1LCJqdGkiOiIwYTc3YzRiZjZjNzY0YTQyODMzMWNjMzQyNzdhOGE4ZSIsInVzZXJfaWQiOjJ9.MY3fly0O6fI0yLioK-miLV5JLIhVRJ7nXm22lIrMbFM	2025-01-11 16:39:35.968194+08	2025-04-11 16:39:35+08	2	0a77c4bf6c764a428331cc34277a8a8e
11	eyJhbGciOiJIUzI1NiIsInR5cCI6IkpXVCJ9.eyJ0b2tlbl90eXBlIjoicmVmcmVzaCIsImV4cCI6MTc0NDM2MTM3MCwiaWF0IjoxNzM2NTg1MzcwLCJqdGkiOiI1NWQ1ZTAyZDg4MjU0NmMxYWE4NTY0Y2Y5YTVhOTY2NSIsInVzZXJfaWQiOjJ9.ARTTFiGAKTQRbFAhkpWPi2MIxUC-6C_ApmKzxqIbrQE	2025-01-11 16:49:30.960335+08	2025-04-11 16:49:30+08	2	55d5e02d882546c1aa8564cf9a5a9665
12	eyJhbGciOiJIUzI1NiIsInR5cCI6IkpXVCJ9.eyJ0b2tlbl90eXBlIjoicmVmcmVzaCIsImV4cCI6MTc0NDM2MjA0MiwiaWF0IjoxNzM2NTg2MDQyLCJqdGkiOiJmM2Q3M2MyZTQxNWY0N2QyOWY2MmRlODg2N2VkZjRjNyIsInVzZXJfaWQiOjJ9.YpEgPX-C-wp88ig0D7vxmJYW7D-Vtp05bSvb9HfjyeE	2025-01-11 17:00:42.073525+08	2025-04-11 17:00:42+08	2	f3d73c2e415f47d29f62de8867edf4c7
13	eyJhbGciOiJIUzI1NiIsInR5cCI6IkpXVCJ9.eyJ0b2tlbl90eXBlIjoicmVmcmVzaCIsImV4cCI6MTc0NDM2MzEzNywiaWF0IjoxNzM2NTg3MTM3LCJqdGkiOiI0ODVlNDBlOTcwZWU0MGUyOTlkYjhjNmY2YjdjZWI1NyIsInVzZXJfaWQiOjJ9.55SFu3JOrSpi7DUK_p07Wt-TAf844rJNliSvZiXuomo	2025-01-11 17:18:57.585451+08	2025-04-11 17:18:57+08	2	485e40e970ee40e299db8c6f6b7ceb57
14	eyJhbGciOiJIUzI1NiIsInR5cCI6IkpXVCJ9.eyJ0b2tlbl90eXBlIjoicmVmcmVzaCIsImV4cCI6MTc0NDM3MjQxMiwiaWF0IjoxNzM2NTk2NDEyLCJqdGkiOiJhZjk0MDdiNGM0YmM0NGYxOTg3ZGJiOWZhM2E1ODYxZiIsInVzZXJfaWQiOjJ9.CQYxwcflO4ErSARFWkmul4-u7qN7J5jZdrPx01z-BK4	2025-01-11 19:53:32.323634+08	2025-04-11 19:53:32+08	2	af9407b4c4bc44f1987dbb9fa3a5861f
\.


--
-- Data for Name: users_user; Type: TABLE DATA; Schema: public; Owner: postgres
--

COPY public.users_user (id, password, last_login, is_superuser, username, first_name, last_name, is_staff, is_active, date_joined, email, is_company, is_applicant, has_applicant_acc, has_company_acc, google_id) FROM stdin;
2	pbkdf2_sha256$600000$xk7Xn4D7ojJwHM4cGJhb3y$sZLIpaxEwKgSL1tLkbcCWPtl6Nbw3V+luuHB784eoZc=	2024-11-26 18:09:13.615587+08	f	applicant1@email.com			f	t	2024-11-08 17:27:44.863079+08	applicant1@email.com	f	t	t	f	\N
3	pbkdf2_sha256$600000$pfa7SXgk16w4mOv7X7a7DR$RsX8vnS6C/rZoUDml5n1rT3EbUYCXjEw/WpqzH72SOM=	2024-11-27 00:04:05.527885+08	t	admin			t	t	2024-11-08 21:16:48.378445+08	admin@email.com	f	f	f	f	\N
5	pbkdf2_sha256$600000$q8iYI4RzCBbuzM9fxThuMV$QCKUhEwc6bnSaQKHZQ+Frs3QR3i29Z/RcgMkNbpJjBg=	\N	f	sample@email.com			f	t	2024-12-04 16:53:56.537045+08	sample@email.com	f	f	f	f	\N
6	pbkdf2_sha256$600000$jBqvDYHt88Q0ZvEz3GnysE$ofSeZAE6RrVWJNBZ4/VPMp05h6p4MzEsGNs8TmInEs0=	\N	f	appli123@email.com			f	t	2024-12-04 18:22:54.40635+08	appli123@email.com	f	f	f	f	\N
7	pbkdf2_sha256$600000$xmsgCJ3meHFn1zGs6XIwyT$a2kPzs/sR9I5O7AZ1D4cgfLqyd4dwHQiz6lw6/97hmc=	\N	f	comp123@email.com			f	t	2024-12-04 18:26:28.809998+08	comp123@email.com	f	f	f	f	\N
8	pbkdf2_sha256$600000$Etij2QUXGDBYLHPrXrgSlf$Le7ZkICCSP3w/vA/wnsBLLepqcsOIBrjdidcCFjHFEk=	\N	f	app123@email.com			f	t	2024-12-04 18:29:54.923577+08	app123@email.com	f	f	f	f	\N
9	pbkdf2_sha256$600000$z9TB0WKmNfyZabcDbxaCVr$MvXLNyvRYmtJSfNJLQlvl3sedlXhKfEJ0qlpPtpi384=	\N	f	ab1@email.com			f	t	2024-12-04 18:32:33.957174+08	ab1@email.com	f	f	f	f	\N
10	pbkdf2_sha256$600000$65EvTkMBXNwboFkxtqktY3$bqre9Pcowwq771m6gT+L1HpY1H6HTD/gdjFSk9B8klI=	\N	f	abi1@email.com			f	t	2024-12-04 18:35:50.515075+08	abi1@email.com	f	f	f	f	\N
11	pbkdf2_sha256$600000$W593cBXiexTbbsVF15NgpO$PGS3REEONjQ3WvLuGa2AOGSJd/RXhrX+tCVL1yQFZWc=	\N	f	abi2@email.com			f	t	2024-12-04 18:40:30.326191+08	abi2@email.com	f	f	f	f	\N
12	pbkdf2_sha256$600000$pQAyM5EWOh81rJcdsp9WeC$UlELLSYSTMysx3Ny6O8h307CKgc76296d3qiARwmROY=	\N	f	abi3@email.com			f	t	2024-12-04 18:41:01.826281+08	abi3@email.com	f	t	f	f	\N
13	pbkdf2_sha256$600000$PB4trY8cRm3S7OyFvrRBzy$NMw2h8pXBezb0EcosEOuNuclUcGuypuml+gEy/suLfQ=	\N	f	abi4@email.com			f	t	2024-12-04 18:42:45.333891+08	abi4@email.com	t	f	f	f	\N
14	pbkdf2_sha256$600000$iqfmJtIwwinsHan8lMdJz2$ixMG2ze+h1rLWSC6DMW3EzeA1FNpsOt34u1jdh9BqSs=	\N	f	amazon@email.com			f	t	2024-12-04 18:44:21.411551+08	amazon@email.com	t	f	f	f	\N
15	pbkdf2_sha256$600000$DKmAi2sB6Bn33dr7hJFuNG$Vv/dc5yPlDnlACzqJXrOg1uOekUTWVSlL0tK6eTe7iA=	\N	f	Tesla@email.com			f	t	2024-12-04 18:48:32.472527+08	Tesla@email.com	t	f	f	f	\N
16	pbkdf2_sha256$600000$DOlp7g4EosyjjJXwpEQ1Ft$oR5XZ6ACpXn7LGw25/I6WOuBWoaAveWw9sOt6lDgEwc=	\N	f	janedoe@email.com			f	t	2024-12-04 19:56:17.909456+08	janedoe@email.com	t	f	f	f	\N
17	pbkdf2_sha256$600000$ZY5DlQyd9LkTiwVppOeiaz$AkYQ3Dj6AGqXHCommxQwdu6AT86gw0Tekk5mhUCWp1c=	\N	f	applicant2@email.com			f	t	2024-12-04 19:57:48.450492+08	applicant2@email.com	f	t	f	f	\N
18	pbkdf2_sha256$600000$Siwb3A3RmMlH9c3iKbpvZf$odmK1WEsg9eim85JdVXq3dc8Uxv4FAgQGW7nsInCKVc=	\N	f	olivia@email.com			f	t	2024-12-04 20:01:43.763226+08	olivia@email.com	f	t	f	f	\N
4	!pPk3KX0MKmd3T2jo4026jRLAWMsTF6FYzRhhVVnu	\N	f	sweetintensesity@gmail.com			f	t	2024-11-27 11:42:08+08	sweetintensesity@gmail.com	f	t	t	f	\N
19	pbkdf2_sha256$600000$0gO3l0thMgTqfKaUUlaGVj$vMXIxPB/twUTqCk4tTb2g+QgwAknOraZrWEF+oDG/sY=	\N	f	company1@email.com			f	t	2025-01-10 20:12:40.707334+08	company1@email.com	t	f	f	f	\N
20	pbkdf2_sha256$600000$YrC8DUIUZ1QaGn0kmBOY5U$xFjpg25/UQNLO9/Ttc/LRiVlfkxD0wgTqBPMmvho8Q8=	\N	f	chris@email.com			f	t	2025-01-10 20:22:37.594827+08	chris@email.com	f	t	f	f	\N
21	pbkdf2_sha256$600000$pD1ZBVVWy2r88nhhOW3pHd$qn+h9WjBqAdjinQeuKWQ9sTZYImlfHYiniKBkaUXsXw=	\N	f	companynew@email.com			f	t	2025-01-10 20:25:24.028352+08	companynew@email.com	t	f	f	f	\N
1	pbkdf2_sha256$600000$zbJduLXaldHQkoEcUNQFeH$z0QUHMyweC68wQOUVBYp+3mjf1FgHwCX86GA8VxwCGc=	2024-11-10 19:44:54.92802+08	f	company1@example.com			f	t	2024-11-07 19:49:11.330806+08	company1@example.com	t	f	f	t	\N
\.


--
-- Data for Name: users_user_groups; Type: TABLE DATA; Schema: public; Owner: postgres
--

COPY public.users_user_groups (id, user_id, group_id) FROM stdin;
\.


--
-- Data for Name: users_user_user_permissions; Type: TABLE DATA; Schema: public; Owner: postgres
--

COPY public.users_user_user_permissions (id, user_id, permission_id) FROM stdin;
\.


--
-- Name: account_emailaddress_id_seq; Type: SEQUENCE SET; Schema: public; Owner: postgres
--

SELECT pg_catalog.setval('public.account_emailaddress_id_seq', 1, true);


--
-- Name: account_emailconfirmation_id_seq; Type: SEQUENCE SET; Schema: public; Owner: postgres
--

SELECT pg_catalog.setval('public.account_emailconfirmation_id_seq', 1, false);


--
-- Name: applicant_applicant_id_seq; Type: SEQUENCE SET; Schema: public; Owner: postgres
--

SELECT pg_catalog.setval('public.applicant_applicant_id_seq', 5, true);


--
-- Name: applicant_applicant_saved_jobs_id_seq; Type: SEQUENCE SET; Schema: public; Owner: postgres
--

SELECT pg_catalog.setval('public.applicant_applicant_saved_jobs_id_seq', 1, true);


--
-- Name: auth_group_id_seq; Type: SEQUENCE SET; Schema: public; Owner: postgres
--

SELECT pg_catalog.setval('public.auth_group_id_seq', 1, false);


--
-- Name: auth_group_permissions_id_seq; Type: SEQUENCE SET; Schema: public; Owner: postgres
--

SELECT pg_catalog.setval('public.auth_group_permissions_id_seq', 1, false);


--
-- Name: auth_permission_id_seq; Type: SEQUENCE SET; Schema: public; Owner: postgres
--

SELECT pg_catalog.setval('public.auth_permission_id_seq', 112, true);


--
-- Name: company_company_id_seq; Type: SEQUENCE SET; Schema: public; Owner: postgres
--

SELECT pg_catalog.setval('public.company_company_id_seq', 7, true);


--
-- Name: django_admin_log_id_seq; Type: SEQUENCE SET; Schema: public; Owner: postgres
--

SELECT pg_catalog.setval('public.django_admin_log_id_seq', 6, true);


--
-- Name: django_content_type_id_seq; Type: SEQUENCE SET; Schema: public; Owner: postgres
--

SELECT pg_catalog.setval('public.django_content_type_id_seq', 28, true);


--
-- Name: django_migrations_id_seq; Type: SEQUENCE SET; Schema: public; Owner: postgres
--

SELECT pg_catalog.setval('public.django_migrations_id_seq', 102, true);


--
-- Name: django_site_id_seq; Type: SEQUENCE SET; Schema: public; Owner: postgres
--

SELECT pg_catalog.setval('public.django_site_id_seq', 3, true);


--
-- Name: jobs_jobapplication_job_application_id_seq; Type: SEQUENCE SET; Schema: public; Owner: postgres
--

SELECT pg_catalog.setval('public.jobs_jobapplication_job_application_id_seq', 63, true);


--
-- Name: jobs_jobapplicationdocument_id_seq; Type: SEQUENCE SET; Schema: public; Owner: postgres
--

SELECT pg_catalog.setval('public.jobs_jobapplicationdocument_id_seq', 17, true);


--
-- Name: jobs_jobhiring_job_hiring_id_seq; Type: SEQUENCE SET; Schema: public; Owner: postgres
--

SELECT pg_catalog.setval('public.jobs_jobhiring_job_hiring_id_seq', 3, true);


--
-- Name: jobs_recentsearch_id_seq; Type: SEQUENCE SET; Schema: public; Owner: postgres
--

SELECT pg_catalog.setval('public.jobs_recentsearch_id_seq', 1, false);


--
-- Name: jobs_recentsearch_job_hirings_id_seq; Type: SEQUENCE SET; Schema: public; Owner: postgres
--

SELECT pg_catalog.setval('public.jobs_recentsearch_job_hirings_id_seq', 1, false);


--
-- Name: jobs_scoringcriteria_id_seq; Type: SEQUENCE SET; Schema: public; Owner: postgres
--

SELECT pg_catalog.setval('public.jobs_scoringcriteria_id_seq', 6, true);


--
-- Name: social_auth_association_id_seq; Type: SEQUENCE SET; Schema: public; Owner: postgres
--

SELECT pg_catalog.setval('public.social_auth_association_id_seq', 1, false);


--
-- Name: social_auth_code_id_seq; Type: SEQUENCE SET; Schema: public; Owner: postgres
--

SELECT pg_catalog.setval('public.social_auth_code_id_seq', 1, false);


--
-- Name: social_auth_nonce_id_seq; Type: SEQUENCE SET; Schema: public; Owner: postgres
--

SELECT pg_catalog.setval('public.social_auth_nonce_id_seq', 1, false);


--
-- Name: social_auth_partial_id_seq; Type: SEQUENCE SET; Schema: public; Owner: postgres
--

SELECT pg_catalog.setval('public.social_auth_partial_id_seq', 1, false);


--
-- Name: social_auth_usersocialauth_id_seq; Type: SEQUENCE SET; Schema: public; Owner: postgres
--

SELECT pg_catalog.setval('public.social_auth_usersocialauth_id_seq', 1, false);


--
-- Name: socialaccount_socialaccount_id_seq; Type: SEQUENCE SET; Schema: public; Owner: postgres
--

SELECT pg_catalog.setval('public.socialaccount_socialaccount_id_seq', 1, false);


--
-- Name: socialaccount_socialapp_id_seq; Type: SEQUENCE SET; Schema: public; Owner: postgres
--

SELECT pg_catalog.setval('public.socialaccount_socialapp_id_seq', 1, true);


--
-- Name: socialaccount_socialapp_sites_id_seq; Type: SEQUENCE SET; Schema: public; Owner: postgres
--

SELECT pg_catalog.setval('public.socialaccount_socialapp_sites_id_seq', 1, true);


--
-- Name: socialaccount_socialtoken_id_seq; Type: SEQUENCE SET; Schema: public; Owner: postgres
--

SELECT pg_catalog.setval('public.socialaccount_socialtoken_id_seq', 1, false);


--
-- Name: token_blacklist_blacklistedtoken_id_seq; Type: SEQUENCE SET; Schema: public; Owner: postgres
--

SELECT pg_catalog.setval('public.token_blacklist_blacklistedtoken_id_seq', 1, false);


--
-- Name: token_blacklist_outstandingtoken_id_seq; Type: SEQUENCE SET; Schema: public; Owner: postgres
--

SELECT pg_catalog.setval('public.token_blacklist_outstandingtoken_id_seq', 14, true);


--
-- Name: users_user_groups_id_seq; Type: SEQUENCE SET; Schema: public; Owner: postgres
--

SELECT pg_catalog.setval('public.users_user_groups_id_seq', 1, false);


--
-- Name: users_user_id_seq; Type: SEQUENCE SET; Schema: public; Owner: postgres
--

SELECT pg_catalog.setval('public.users_user_id_seq', 21, true);


--
-- Name: users_user_user_permissions_id_seq; Type: SEQUENCE SET; Schema: public; Owner: postgres
--

SELECT pg_catalog.setval('public.users_user_user_permissions_id_seq', 1, false);


--
-- Name: account_emailaddress account_emailaddress_pkey; Type: CONSTRAINT; Schema: public; Owner: postgres
--

ALTER TABLE ONLY public.account_emailaddress
    ADD CONSTRAINT account_emailaddress_pkey PRIMARY KEY (id);


--
-- Name: account_emailaddress account_emailaddress_user_id_email_987c8728_uniq; Type: CONSTRAINT; Schema: public; Owner: postgres
--

ALTER TABLE ONLY public.account_emailaddress
    ADD CONSTRAINT account_emailaddress_user_id_email_987c8728_uniq UNIQUE (user_id, email);


--
-- Name: account_emailconfirmation account_emailconfirmation_key_key; Type: CONSTRAINT; Schema: public; Owner: postgres
--

ALTER TABLE ONLY public.account_emailconfirmation
    ADD CONSTRAINT account_emailconfirmation_key_key UNIQUE (key);


--
-- Name: account_emailconfirmation account_emailconfirmation_pkey; Type: CONSTRAINT; Schema: public; Owner: postgres
--

ALTER TABLE ONLY public.account_emailconfirmation
    ADD CONSTRAINT account_emailconfirmation_pkey PRIMARY KEY (id);


--
-- Name: applicant_applicant applicant_applicant_pkey; Type: CONSTRAINT; Schema: public; Owner: postgres
--

ALTER TABLE ONLY public.applicant_applicant
    ADD CONSTRAINT applicant_applicant_pkey PRIMARY KEY (id);


--
-- Name: applicant_applicant_saved_jobs applicant_applicant_save_applicant_id_jobhiring_i_3d5a74da_uniq; Type: CONSTRAINT; Schema: public; Owner: postgres
--

ALTER TABLE ONLY public.applicant_applicant_saved_jobs
    ADD CONSTRAINT applicant_applicant_save_applicant_id_jobhiring_i_3d5a74da_uniq UNIQUE (applicant_id, jobhiring_id);


--
-- Name: applicant_applicant_saved_jobs applicant_applicant_saved_jobs_pkey; Type: CONSTRAINT; Schema: public; Owner: postgres
--

ALTER TABLE ONLY public.applicant_applicant_saved_jobs
    ADD CONSTRAINT applicant_applicant_saved_jobs_pkey PRIMARY KEY (id);


--
-- Name: applicant_applicant applicant_applicant_user_id_key; Type: CONSTRAINT; Schema: public; Owner: postgres
--

ALTER TABLE ONLY public.applicant_applicant
    ADD CONSTRAINT applicant_applicant_user_id_key UNIQUE (user_id);


--
-- Name: auth_group auth_group_name_key; Type: CONSTRAINT; Schema: public; Owner: postgres
--

ALTER TABLE ONLY public.auth_group
    ADD CONSTRAINT auth_group_name_key UNIQUE (name);


--
-- Name: auth_group_permissions auth_group_permissions_group_id_permission_id_0cd325b0_uniq; Type: CONSTRAINT; Schema: public; Owner: postgres
--

ALTER TABLE ONLY public.auth_group_permissions
    ADD CONSTRAINT auth_group_permissions_group_id_permission_id_0cd325b0_uniq UNIQUE (group_id, permission_id);


--
-- Name: auth_group_permissions auth_group_permissions_pkey; Type: CONSTRAINT; Schema: public; Owner: postgres
--

ALTER TABLE ONLY public.auth_group_permissions
    ADD CONSTRAINT auth_group_permissions_pkey PRIMARY KEY (id);


--
-- Name: auth_group auth_group_pkey; Type: CONSTRAINT; Schema: public; Owner: postgres
--

ALTER TABLE ONLY public.auth_group
    ADD CONSTRAINT auth_group_pkey PRIMARY KEY (id);


--
-- Name: auth_permission auth_permission_content_type_id_codename_01ab375a_uniq; Type: CONSTRAINT; Schema: public; Owner: postgres
--

ALTER TABLE ONLY public.auth_permission
    ADD CONSTRAINT auth_permission_content_type_id_codename_01ab375a_uniq UNIQUE (content_type_id, codename);


--
-- Name: auth_permission auth_permission_pkey; Type: CONSTRAINT; Schema: public; Owner: postgres
--

ALTER TABLE ONLY public.auth_permission
    ADD CONSTRAINT auth_permission_pkey PRIMARY KEY (id);


--
-- Name: authtoken_token authtoken_token_pkey; Type: CONSTRAINT; Schema: public; Owner: postgres
--

ALTER TABLE ONLY public.authtoken_token
    ADD CONSTRAINT authtoken_token_pkey PRIMARY KEY (key);


--
-- Name: authtoken_token authtoken_token_user_id_key; Type: CONSTRAINT; Schema: public; Owner: postgres
--

ALTER TABLE ONLY public.authtoken_token
    ADD CONSTRAINT authtoken_token_user_id_key UNIQUE (user_id);


--
-- Name: company_company company_company_pkey; Type: CONSTRAINT; Schema: public; Owner: postgres
--

ALTER TABLE ONLY public.company_company
    ADD CONSTRAINT company_company_pkey PRIMARY KEY (id);


--
-- Name: company_company company_company_user_id_key; Type: CONSTRAINT; Schema: public; Owner: postgres
--

ALTER TABLE ONLY public.company_company
    ADD CONSTRAINT company_company_user_id_key UNIQUE (user_id);


--
-- Name: django_admin_log django_admin_log_pkey; Type: CONSTRAINT; Schema: public; Owner: postgres
--

ALTER TABLE ONLY public.django_admin_log
    ADD CONSTRAINT django_admin_log_pkey PRIMARY KEY (id);


--
-- Name: django_content_type django_content_type_app_label_model_76bd3d3b_uniq; Type: CONSTRAINT; Schema: public; Owner: postgres
--

ALTER TABLE ONLY public.django_content_type
    ADD CONSTRAINT django_content_type_app_label_model_76bd3d3b_uniq UNIQUE (app_label, model);


--
-- Name: django_content_type django_content_type_pkey; Type: CONSTRAINT; Schema: public; Owner: postgres
--

ALTER TABLE ONLY public.django_content_type
    ADD CONSTRAINT django_content_type_pkey PRIMARY KEY (id);


--
-- Name: django_migrations django_migrations_pkey; Type: CONSTRAINT; Schema: public; Owner: postgres
--

ALTER TABLE ONLY public.django_migrations
    ADD CONSTRAINT django_migrations_pkey PRIMARY KEY (id);


--
-- Name: django_session django_session_pkey; Type: CONSTRAINT; Schema: public; Owner: postgres
--

ALTER TABLE ONLY public.django_session
    ADD CONSTRAINT django_session_pkey PRIMARY KEY (session_key);


--
-- Name: django_site django_site_domain_a2e37b91_uniq; Type: CONSTRAINT; Schema: public; Owner: postgres
--

ALTER TABLE ONLY public.django_site
    ADD CONSTRAINT django_site_domain_a2e37b91_uniq UNIQUE (domain);


--
-- Name: django_site django_site_pkey; Type: CONSTRAINT; Schema: public; Owner: postgres
--

ALTER TABLE ONLY public.django_site
    ADD CONSTRAINT django_site_pkey PRIMARY KEY (id);


--
-- Name: jobs_jobapplication jobs_jobapplication_pkey; Type: CONSTRAINT; Schema: public; Owner: postgres
--

ALTER TABLE ONLY public.jobs_jobapplication
    ADD CONSTRAINT jobs_jobapplication_pkey PRIMARY KEY (job_application_id);


--
-- Name: jobs_jobapplicationdocument jobs_jobapplicationdocument_pkey; Type: CONSTRAINT; Schema: public; Owner: postgres
--

ALTER TABLE ONLY public.jobs_jobapplicationdocument
    ADD CONSTRAINT jobs_jobapplicationdocument_pkey PRIMARY KEY (id);


--
-- Name: jobs_jobhiring jobs_jobhiring_pkey; Type: CONSTRAINT; Schema: public; Owner: postgres
--

ALTER TABLE ONLY public.jobs_jobhiring
    ADD CONSTRAINT jobs_jobhiring_pkey PRIMARY KEY (job_hiring_id);


--
-- Name: jobs_recentsearch_job_hirings jobs_recentsearch_job_hi_recentsearch_id_jobhirin_5ff5cd8b_uniq; Type: CONSTRAINT; Schema: public; Owner: postgres
--

ALTER TABLE ONLY public.jobs_recentsearch_job_hirings
    ADD CONSTRAINT jobs_recentsearch_job_hi_recentsearch_id_jobhirin_5ff5cd8b_uniq UNIQUE (recentsearch_id, jobhiring_id);


--
-- Name: jobs_recentsearch_job_hirings jobs_recentsearch_job_hirings_pkey; Type: CONSTRAINT; Schema: public; Owner: postgres
--

ALTER TABLE ONLY public.jobs_recentsearch_job_hirings
    ADD CONSTRAINT jobs_recentsearch_job_hirings_pkey PRIMARY KEY (id);


--
-- Name: jobs_recentsearch jobs_recentsearch_pkey; Type: CONSTRAINT; Schema: public; Owner: postgres
--

ALTER TABLE ONLY public.jobs_recentsearch
    ADD CONSTRAINT jobs_recentsearch_pkey PRIMARY KEY (id);


--
-- Name: jobs_scoringcriteria jobs_scoringcriteria_pkey; Type: CONSTRAINT; Schema: public; Owner: postgres
--

ALTER TABLE ONLY public.jobs_scoringcriteria
    ADD CONSTRAINT jobs_scoringcriteria_pkey PRIMARY KEY (id);


--
-- Name: social_auth_association social_auth_association_pkey; Type: CONSTRAINT; Schema: public; Owner: postgres
--

ALTER TABLE ONLY public.social_auth_association
    ADD CONSTRAINT social_auth_association_pkey PRIMARY KEY (id);


--
-- Name: social_auth_association social_auth_association_server_url_handle_078befa2_uniq; Type: CONSTRAINT; Schema: public; Owner: postgres
--

ALTER TABLE ONLY public.social_auth_association
    ADD CONSTRAINT social_auth_association_server_url_handle_078befa2_uniq UNIQUE (server_url, handle);


--
-- Name: social_auth_code social_auth_code_email_code_801b2d02_uniq; Type: CONSTRAINT; Schema: public; Owner: postgres
--

ALTER TABLE ONLY public.social_auth_code
    ADD CONSTRAINT social_auth_code_email_code_801b2d02_uniq UNIQUE (email, code);


--
-- Name: social_auth_code social_auth_code_pkey; Type: CONSTRAINT; Schema: public; Owner: postgres
--

ALTER TABLE ONLY public.social_auth_code
    ADD CONSTRAINT social_auth_code_pkey PRIMARY KEY (id);


--
-- Name: social_auth_nonce social_auth_nonce_pkey; Type: CONSTRAINT; Schema: public; Owner: postgres
--

ALTER TABLE ONLY public.social_auth_nonce
    ADD CONSTRAINT social_auth_nonce_pkey PRIMARY KEY (id);


--
-- Name: social_auth_nonce social_auth_nonce_server_url_timestamp_salt_f6284463_uniq; Type: CONSTRAINT; Schema: public; Owner: postgres
--

ALTER TABLE ONLY public.social_auth_nonce
    ADD CONSTRAINT social_auth_nonce_server_url_timestamp_salt_f6284463_uniq UNIQUE (server_url, "timestamp", salt);


--
-- Name: social_auth_partial social_auth_partial_pkey; Type: CONSTRAINT; Schema: public; Owner: postgres
--

ALTER TABLE ONLY public.social_auth_partial
    ADD CONSTRAINT social_auth_partial_pkey PRIMARY KEY (id);


--
-- Name: social_auth_usersocialauth social_auth_usersocialauth_pkey; Type: CONSTRAINT; Schema: public; Owner: postgres
--

ALTER TABLE ONLY public.social_auth_usersocialauth
    ADD CONSTRAINT social_auth_usersocialauth_pkey PRIMARY KEY (id);


--
-- Name: social_auth_usersocialauth social_auth_usersocialauth_provider_uid_e6b5e668_uniq; Type: CONSTRAINT; Schema: public; Owner: postgres
--

ALTER TABLE ONLY public.social_auth_usersocialauth
    ADD CONSTRAINT social_auth_usersocialauth_provider_uid_e6b5e668_uniq UNIQUE (provider, uid);


--
-- Name: socialaccount_socialaccount socialaccount_socialaccount_pkey; Type: CONSTRAINT; Schema: public; Owner: postgres
--

ALTER TABLE ONLY public.socialaccount_socialaccount
    ADD CONSTRAINT socialaccount_socialaccount_pkey PRIMARY KEY (id);


--
-- Name: socialaccount_socialaccount socialaccount_socialaccount_provider_uid_fc810c6e_uniq; Type: CONSTRAINT; Schema: public; Owner: postgres
--

ALTER TABLE ONLY public.socialaccount_socialaccount
    ADD CONSTRAINT socialaccount_socialaccount_provider_uid_fc810c6e_uniq UNIQUE (provider, uid);


--
-- Name: socialaccount_socialapp_sites socialaccount_socialapp__socialapp_id_site_id_71a9a768_uniq; Type: CONSTRAINT; Schema: public; Owner: postgres
--

ALTER TABLE ONLY public.socialaccount_socialapp_sites
    ADD CONSTRAINT socialaccount_socialapp__socialapp_id_site_id_71a9a768_uniq UNIQUE (socialapp_id, site_id);


--
-- Name: socialaccount_socialapp socialaccount_socialapp_pkey; Type: CONSTRAINT; Schema: public; Owner: postgres
--

ALTER TABLE ONLY public.socialaccount_socialapp
    ADD CONSTRAINT socialaccount_socialapp_pkey PRIMARY KEY (id);


--
-- Name: socialaccount_socialapp_sites socialaccount_socialapp_sites_pkey; Type: CONSTRAINT; Schema: public; Owner: postgres
--

ALTER TABLE ONLY public.socialaccount_socialapp_sites
    ADD CONSTRAINT socialaccount_socialapp_sites_pkey PRIMARY KEY (id);


--
-- Name: socialaccount_socialtoken socialaccount_socialtoken_app_id_account_id_fca4e0ac_uniq; Type: CONSTRAINT; Schema: public; Owner: postgres
--

ALTER TABLE ONLY public.socialaccount_socialtoken
    ADD CONSTRAINT socialaccount_socialtoken_app_id_account_id_fca4e0ac_uniq UNIQUE (app_id, account_id);


--
-- Name: socialaccount_socialtoken socialaccount_socialtoken_pkey; Type: CONSTRAINT; Schema: public; Owner: postgres
--

ALTER TABLE ONLY public.socialaccount_socialtoken
    ADD CONSTRAINT socialaccount_socialtoken_pkey PRIMARY KEY (id);


--
-- Name: token_blacklist_blacklistedtoken token_blacklist_blacklistedtoken_pkey; Type: CONSTRAINT; Schema: public; Owner: postgres
--

ALTER TABLE ONLY public.token_blacklist_blacklistedtoken
    ADD CONSTRAINT token_blacklist_blacklistedtoken_pkey PRIMARY KEY (id);


--
-- Name: token_blacklist_blacklistedtoken token_blacklist_blacklistedtoken_token_id_key; Type: CONSTRAINT; Schema: public; Owner: postgres
--

ALTER TABLE ONLY public.token_blacklist_blacklistedtoken
    ADD CONSTRAINT token_blacklist_blacklistedtoken_token_id_key UNIQUE (token_id);


--
-- Name: token_blacklist_outstandingtoken token_blacklist_outstandingtoken_jti_hex_d9bdf6f7_uniq; Type: CONSTRAINT; Schema: public; Owner: postgres
--

ALTER TABLE ONLY public.token_blacklist_outstandingtoken
    ADD CONSTRAINT token_blacklist_outstandingtoken_jti_hex_d9bdf6f7_uniq UNIQUE (jti);


--
-- Name: token_blacklist_outstandingtoken token_blacklist_outstandingtoken_pkey; Type: CONSTRAINT; Schema: public; Owner: postgres
--

ALTER TABLE ONLY public.token_blacklist_outstandingtoken
    ADD CONSTRAINT token_blacklist_outstandingtoken_pkey PRIMARY KEY (id);


--
-- Name: users_user users_user_email_key; Type: CONSTRAINT; Schema: public; Owner: postgres
--

ALTER TABLE ONLY public.users_user
    ADD CONSTRAINT users_user_email_key UNIQUE (email);


--
-- Name: users_user users_user_google_id_key; Type: CONSTRAINT; Schema: public; Owner: postgres
--

ALTER TABLE ONLY public.users_user
    ADD CONSTRAINT users_user_google_id_key UNIQUE (google_id);


--
-- Name: users_user_groups users_user_groups_pkey; Type: CONSTRAINT; Schema: public; Owner: postgres
--

ALTER TABLE ONLY public.users_user_groups
    ADD CONSTRAINT users_user_groups_pkey PRIMARY KEY (id);


--
-- Name: users_user_groups users_user_groups_user_id_group_id_b88eab82_uniq; Type: CONSTRAINT; Schema: public; Owner: postgres
--

ALTER TABLE ONLY public.users_user_groups
    ADD CONSTRAINT users_user_groups_user_id_group_id_b88eab82_uniq UNIQUE (user_id, group_id);


--
-- Name: users_user users_user_pkey; Type: CONSTRAINT; Schema: public; Owner: postgres
--

ALTER TABLE ONLY public.users_user
    ADD CONSTRAINT users_user_pkey PRIMARY KEY (id);


--
-- Name: users_user_user_permissions users_user_user_permissions_pkey; Type: CONSTRAINT; Schema: public; Owner: postgres
--

ALTER TABLE ONLY public.users_user_user_permissions
    ADD CONSTRAINT users_user_user_permissions_pkey PRIMARY KEY (id);


--
-- Name: users_user_user_permissions users_user_user_permissions_user_id_permission_id_43338c45_uniq; Type: CONSTRAINT; Schema: public; Owner: postgres
--

ALTER TABLE ONLY public.users_user_user_permissions
    ADD CONSTRAINT users_user_user_permissions_user_id_permission_id_43338c45_uniq UNIQUE (user_id, permission_id);


--
-- Name: users_user users_user_username_key; Type: CONSTRAINT; Schema: public; Owner: postgres
--

ALTER TABLE ONLY public.users_user
    ADD CONSTRAINT users_user_username_key UNIQUE (username);


--
-- Name: account_emailaddress_email_03be32b2; Type: INDEX; Schema: public; Owner: postgres
--

CREATE INDEX account_emailaddress_email_03be32b2 ON public.account_emailaddress USING btree (email);


--
-- Name: account_emailaddress_email_03be32b2_like; Type: INDEX; Schema: public; Owner: postgres
--

CREATE INDEX account_emailaddress_email_03be32b2_like ON public.account_emailaddress USING btree (email varchar_pattern_ops);


--
-- Name: account_emailaddress_user_id_2c513194; Type: INDEX; Schema: public; Owner: postgres
--

CREATE INDEX account_emailaddress_user_id_2c513194 ON public.account_emailaddress USING btree (user_id);


--
-- Name: account_emailconfirmation_email_address_id_5b7f8c58; Type: INDEX; Schema: public; Owner: postgres
--

CREATE INDEX account_emailconfirmation_email_address_id_5b7f8c58 ON public.account_emailconfirmation USING btree (email_address_id);


--
-- Name: account_emailconfirmation_key_f43612bd_like; Type: INDEX; Schema: public; Owner: postgres
--

CREATE INDEX account_emailconfirmation_key_f43612bd_like ON public.account_emailconfirmation USING btree (key varchar_pattern_ops);


--
-- Name: applicant_applicant_saved_jobs_applicant_id_ba3e470f; Type: INDEX; Schema: public; Owner: postgres
--

CREATE INDEX applicant_applicant_saved_jobs_applicant_id_ba3e470f ON public.applicant_applicant_saved_jobs USING btree (applicant_id);


--
-- Name: applicant_applicant_saved_jobs_jobhiring_id_bed080b8; Type: INDEX; Schema: public; Owner: postgres
--

CREATE INDEX applicant_applicant_saved_jobs_jobhiring_id_bed080b8 ON public.applicant_applicant_saved_jobs USING btree (jobhiring_id);


--
-- Name: auth_group_name_a6ea08ec_like; Type: INDEX; Schema: public; Owner: postgres
--

CREATE INDEX auth_group_name_a6ea08ec_like ON public.auth_group USING btree (name varchar_pattern_ops);


--
-- Name: auth_group_permissions_group_id_b120cbf9; Type: INDEX; Schema: public; Owner: postgres
--

CREATE INDEX auth_group_permissions_group_id_b120cbf9 ON public.auth_group_permissions USING btree (group_id);


--
-- Name: auth_group_permissions_permission_id_84c5c92e; Type: INDEX; Schema: public; Owner: postgres
--

CREATE INDEX auth_group_permissions_permission_id_84c5c92e ON public.auth_group_permissions USING btree (permission_id);


--
-- Name: auth_permission_content_type_id_2f476e4b; Type: INDEX; Schema: public; Owner: postgres
--

CREATE INDEX auth_permission_content_type_id_2f476e4b ON public.auth_permission USING btree (content_type_id);


--
-- Name: authtoken_token_key_10f0b77e_like; Type: INDEX; Schema: public; Owner: postgres
--

CREATE INDEX authtoken_token_key_10f0b77e_like ON public.authtoken_token USING btree (key varchar_pattern_ops);


--
-- Name: django_admin_log_content_type_id_c4bce8eb; Type: INDEX; Schema: public; Owner: postgres
--

CREATE INDEX django_admin_log_content_type_id_c4bce8eb ON public.django_admin_log USING btree (content_type_id);


--
-- Name: django_admin_log_user_id_c564eba6; Type: INDEX; Schema: public; Owner: postgres
--

CREATE INDEX django_admin_log_user_id_c564eba6 ON public.django_admin_log USING btree (user_id);


--
-- Name: django_session_expire_date_a5c62663; Type: INDEX; Schema: public; Owner: postgres
--

CREATE INDEX django_session_expire_date_a5c62663 ON public.django_session USING btree (expire_date);


--
-- Name: django_session_session_key_c0390e0f_like; Type: INDEX; Schema: public; Owner: postgres
--

CREATE INDEX django_session_session_key_c0390e0f_like ON public.django_session USING btree (session_key varchar_pattern_ops);


--
-- Name: django_site_domain_a2e37b91_like; Type: INDEX; Schema: public; Owner: postgres
--

CREATE INDEX django_site_domain_a2e37b91_like ON public.django_site USING btree (domain varchar_pattern_ops);


--
-- Name: jobs_jobapplication_applicant_id_7f41cf6a; Type: INDEX; Schema: public; Owner: postgres
--

CREATE INDEX jobs_jobapplication_applicant_id_7f41cf6a ON public.jobs_jobapplication USING btree (applicant_id);


--
-- Name: jobs_jobapplication_job_hiring_id_bbcb41ea; Type: INDEX; Schema: public; Owner: postgres
--

CREATE INDEX jobs_jobapplication_job_hiring_id_bbcb41ea ON public.jobs_jobapplication USING btree (job_hiring_id);


--
-- Name: jobs_jobapplicationdocument_job_application_id_c63eed1a; Type: INDEX; Schema: public; Owner: postgres
--

CREATE INDEX jobs_jobapplicationdocument_job_application_id_c63eed1a ON public.jobs_jobapplicationdocument USING btree (job_application_id);


--
-- Name: jobs_jobhiring_company_id_a6530e07; Type: INDEX; Schema: public; Owner: postgres
--

CREATE INDEX jobs_jobhiring_company_id_a6530e07 ON public.jobs_jobhiring USING btree (company_id);


--
-- Name: jobs_recentsearch_job_hirings_jobhiring_id_5ec57033; Type: INDEX; Schema: public; Owner: postgres
--

CREATE INDEX jobs_recentsearch_job_hirings_jobhiring_id_5ec57033 ON public.jobs_recentsearch_job_hirings USING btree (jobhiring_id);


--
-- Name: jobs_recentsearch_job_hirings_recentsearch_id_2405bd93; Type: INDEX; Schema: public; Owner: postgres
--

CREATE INDEX jobs_recentsearch_job_hirings_recentsearch_id_2405bd93 ON public.jobs_recentsearch_job_hirings USING btree (recentsearch_id);


--
-- Name: jobs_recentsearch_user_id_e8720e98; Type: INDEX; Schema: public; Owner: postgres
--

CREATE INDEX jobs_recentsearch_user_id_e8720e98 ON public.jobs_recentsearch USING btree (user_id);


--
-- Name: jobs_scoringcriteria_job_hiring_id_deed948a; Type: INDEX; Schema: public; Owner: postgres
--

CREATE INDEX jobs_scoringcriteria_job_hiring_id_deed948a ON public.jobs_scoringcriteria USING btree (job_hiring_id);


--
-- Name: social_auth_code_code_a2393167; Type: INDEX; Schema: public; Owner: postgres
--

CREATE INDEX social_auth_code_code_a2393167 ON public.social_auth_code USING btree (code);


--
-- Name: social_auth_code_code_a2393167_like; Type: INDEX; Schema: public; Owner: postgres
--

CREATE INDEX social_auth_code_code_a2393167_like ON public.social_auth_code USING btree (code varchar_pattern_ops);


--
-- Name: social_auth_code_timestamp_176b341f; Type: INDEX; Schema: public; Owner: postgres
--

CREATE INDEX social_auth_code_timestamp_176b341f ON public.social_auth_code USING btree ("timestamp");


--
-- Name: social_auth_partial_timestamp_50f2119f; Type: INDEX; Schema: public; Owner: postgres
--

CREATE INDEX social_auth_partial_timestamp_50f2119f ON public.social_auth_partial USING btree ("timestamp");


--
-- Name: social_auth_partial_token_3017fea3; Type: INDEX; Schema: public; Owner: postgres
--

CREATE INDEX social_auth_partial_token_3017fea3 ON public.social_auth_partial USING btree (token);


--
-- Name: social_auth_partial_token_3017fea3_like; Type: INDEX; Schema: public; Owner: postgres
--

CREATE INDEX social_auth_partial_token_3017fea3_like ON public.social_auth_partial USING btree (token varchar_pattern_ops);


--
-- Name: social_auth_usersocialauth_uid_796e51dc; Type: INDEX; Schema: public; Owner: postgres
--

CREATE INDEX social_auth_usersocialauth_uid_796e51dc ON public.social_auth_usersocialauth USING btree (uid);


--
-- Name: social_auth_usersocialauth_uid_796e51dc_like; Type: INDEX; Schema: public; Owner: postgres
--

CREATE INDEX social_auth_usersocialauth_uid_796e51dc_like ON public.social_auth_usersocialauth USING btree (uid varchar_pattern_ops);


--
-- Name: social_auth_usersocialauth_user_id_17d28448; Type: INDEX; Schema: public; Owner: postgres
--

CREATE INDEX social_auth_usersocialauth_user_id_17d28448 ON public.social_auth_usersocialauth USING btree (user_id);


--
-- Name: socialaccount_socialaccount_user_id_8146e70c; Type: INDEX; Schema: public; Owner: postgres
--

CREATE INDEX socialaccount_socialaccount_user_id_8146e70c ON public.socialaccount_socialaccount USING btree (user_id);


--
-- Name: socialaccount_socialapp_sites_site_id_2579dee5; Type: INDEX; Schema: public; Owner: postgres
--

CREATE INDEX socialaccount_socialapp_sites_site_id_2579dee5 ON public.socialaccount_socialapp_sites USING btree (site_id);


--
-- Name: socialaccount_socialapp_sites_socialapp_id_97fb6e7d; Type: INDEX; Schema: public; Owner: postgres
--

CREATE INDEX socialaccount_socialapp_sites_socialapp_id_97fb6e7d ON public.socialaccount_socialapp_sites USING btree (socialapp_id);


--
-- Name: socialaccount_socialtoken_account_id_951f210e; Type: INDEX; Schema: public; Owner: postgres
--

CREATE INDEX socialaccount_socialtoken_account_id_951f210e ON public.socialaccount_socialtoken USING btree (account_id);


--
-- Name: socialaccount_socialtoken_app_id_636a42d7; Type: INDEX; Schema: public; Owner: postgres
--

CREATE INDEX socialaccount_socialtoken_app_id_636a42d7 ON public.socialaccount_socialtoken USING btree (app_id);


--
-- Name: token_blacklist_outstandingtoken_jti_hex_d9bdf6f7_like; Type: INDEX; Schema: public; Owner: postgres
--

CREATE INDEX token_blacklist_outstandingtoken_jti_hex_d9bdf6f7_like ON public.token_blacklist_outstandingtoken USING btree (jti varchar_pattern_ops);


--
-- Name: token_blacklist_outstandingtoken_user_id_83bc629a; Type: INDEX; Schema: public; Owner: postgres
--

CREATE INDEX token_blacklist_outstandingtoken_user_id_83bc629a ON public.token_blacklist_outstandingtoken USING btree (user_id);


--
-- Name: unique_primary_email; Type: INDEX; Schema: public; Owner: postgres
--

CREATE UNIQUE INDEX unique_primary_email ON public.account_emailaddress USING btree (user_id, "primary") WHERE "primary";


--
-- Name: unique_verified_email; Type: INDEX; Schema: public; Owner: postgres
--

CREATE UNIQUE INDEX unique_verified_email ON public.account_emailaddress USING btree (email) WHERE verified;


--
-- Name: users_user_email_243f6e77_like; Type: INDEX; Schema: public; Owner: postgres
--

CREATE INDEX users_user_email_243f6e77_like ON public.users_user USING btree (email varchar_pattern_ops);


--
-- Name: users_user_google_id_46f09f3e_like; Type: INDEX; Schema: public; Owner: postgres
--

CREATE INDEX users_user_google_id_46f09f3e_like ON public.users_user USING btree (google_id varchar_pattern_ops);


--
-- Name: users_user_groups_group_id_9afc8d0e; Type: INDEX; Schema: public; Owner: postgres
--

CREATE INDEX users_user_groups_group_id_9afc8d0e ON public.users_user_groups USING btree (group_id);


--
-- Name: users_user_groups_user_id_5f6f5a90; Type: INDEX; Schema: public; Owner: postgres
--

CREATE INDEX users_user_groups_user_id_5f6f5a90 ON public.users_user_groups USING btree (user_id);


--
-- Name: users_user_user_permissions_permission_id_0b93982e; Type: INDEX; Schema: public; Owner: postgres
--

CREATE INDEX users_user_user_permissions_permission_id_0b93982e ON public.users_user_user_permissions USING btree (permission_id);


--
-- Name: users_user_user_permissions_user_id_20aca447; Type: INDEX; Schema: public; Owner: postgres
--

CREATE INDEX users_user_user_permissions_user_id_20aca447 ON public.users_user_user_permissions USING btree (user_id);


--
-- Name: users_user_username_06e46fe6_like; Type: INDEX; Schema: public; Owner: postgres
--

CREATE INDEX users_user_username_06e46fe6_like ON public.users_user USING btree (username varchar_pattern_ops);


--
-- Name: account_emailaddress account_emailaddress_user_id_2c513194_fk_users_user_id; Type: FK CONSTRAINT; Schema: public; Owner: postgres
--

ALTER TABLE ONLY public.account_emailaddress
    ADD CONSTRAINT account_emailaddress_user_id_2c513194_fk_users_user_id FOREIGN KEY (user_id) REFERENCES public.users_user(id) DEFERRABLE INITIALLY DEFERRED;


--
-- Name: account_emailconfirmation account_emailconfirm_email_address_id_5b7f8c58_fk_account_e; Type: FK CONSTRAINT; Schema: public; Owner: postgres
--

ALTER TABLE ONLY public.account_emailconfirmation
    ADD CONSTRAINT account_emailconfirm_email_address_id_5b7f8c58_fk_account_e FOREIGN KEY (email_address_id) REFERENCES public.account_emailaddress(id) DEFERRABLE INITIALLY DEFERRED;


--
-- Name: applicant_applicant_saved_jobs applicant_applicant__applicant_id_ba3e470f_fk_applicant; Type: FK CONSTRAINT; Schema: public; Owner: postgres
--

ALTER TABLE ONLY public.applicant_applicant_saved_jobs
    ADD CONSTRAINT applicant_applicant__applicant_id_ba3e470f_fk_applicant FOREIGN KEY (applicant_id) REFERENCES public.applicant_applicant(id) DEFERRABLE INITIALLY DEFERRED;


--
-- Name: applicant_applicant_saved_jobs applicant_applicant__jobhiring_id_bed080b8_fk_jobs_jobh; Type: FK CONSTRAINT; Schema: public; Owner: postgres
--

ALTER TABLE ONLY public.applicant_applicant_saved_jobs
    ADD CONSTRAINT applicant_applicant__jobhiring_id_bed080b8_fk_jobs_jobh FOREIGN KEY (jobhiring_id) REFERENCES public.jobs_jobhiring(job_hiring_id) DEFERRABLE INITIALLY DEFERRED;


--
-- Name: applicant_applicant applicant_applicant_user_id_b6dd724d_fk_users_user_id; Type: FK CONSTRAINT; Schema: public; Owner: postgres
--

ALTER TABLE ONLY public.applicant_applicant
    ADD CONSTRAINT applicant_applicant_user_id_b6dd724d_fk_users_user_id FOREIGN KEY (user_id) REFERENCES public.users_user(id) DEFERRABLE INITIALLY DEFERRED;


--
-- Name: auth_group_permissions auth_group_permissio_permission_id_84c5c92e_fk_auth_perm; Type: FK CONSTRAINT; Schema: public; Owner: postgres
--

ALTER TABLE ONLY public.auth_group_permissions
    ADD CONSTRAINT auth_group_permissio_permission_id_84c5c92e_fk_auth_perm FOREIGN KEY (permission_id) REFERENCES public.auth_permission(id) DEFERRABLE INITIALLY DEFERRED;


--
-- Name: auth_group_permissions auth_group_permissions_group_id_b120cbf9_fk_auth_group_id; Type: FK CONSTRAINT; Schema: public; Owner: postgres
--

ALTER TABLE ONLY public.auth_group_permissions
    ADD CONSTRAINT auth_group_permissions_group_id_b120cbf9_fk_auth_group_id FOREIGN KEY (group_id) REFERENCES public.auth_group(id) DEFERRABLE INITIALLY DEFERRED;


--
-- Name: auth_permission auth_permission_content_type_id_2f476e4b_fk_django_co; Type: FK CONSTRAINT; Schema: public; Owner: postgres
--

ALTER TABLE ONLY public.auth_permission
    ADD CONSTRAINT auth_permission_content_type_id_2f476e4b_fk_django_co FOREIGN KEY (content_type_id) REFERENCES public.django_content_type(id) DEFERRABLE INITIALLY DEFERRED;


--
-- Name: authtoken_token authtoken_token_user_id_35299eff_fk_users_user_id; Type: FK CONSTRAINT; Schema: public; Owner: postgres
--

ALTER TABLE ONLY public.authtoken_token
    ADD CONSTRAINT authtoken_token_user_id_35299eff_fk_users_user_id FOREIGN KEY (user_id) REFERENCES public.users_user(id) DEFERRABLE INITIALLY DEFERRED;


--
-- Name: company_company company_company_user_id_c99db68c_fk_users_user_id; Type: FK CONSTRAINT; Schema: public; Owner: postgres
--

ALTER TABLE ONLY public.company_company
    ADD CONSTRAINT company_company_user_id_c99db68c_fk_users_user_id FOREIGN KEY (user_id) REFERENCES public.users_user(id) DEFERRABLE INITIALLY DEFERRED;


--
-- Name: django_admin_log django_admin_log_content_type_id_c4bce8eb_fk_django_co; Type: FK CONSTRAINT; Schema: public; Owner: postgres
--

ALTER TABLE ONLY public.django_admin_log
    ADD CONSTRAINT django_admin_log_content_type_id_c4bce8eb_fk_django_co FOREIGN KEY (content_type_id) REFERENCES public.django_content_type(id) DEFERRABLE INITIALLY DEFERRED;


--
-- Name: django_admin_log django_admin_log_user_id_c564eba6_fk_users_user_id; Type: FK CONSTRAINT; Schema: public; Owner: postgres
--

ALTER TABLE ONLY public.django_admin_log
    ADD CONSTRAINT django_admin_log_user_id_c564eba6_fk_users_user_id FOREIGN KEY (user_id) REFERENCES public.users_user(id) DEFERRABLE INITIALLY DEFERRED;


--
-- Name: jobs_jobapplication jobs_jobapplication_applicant_id_7f41cf6a_fk_applicant; Type: FK CONSTRAINT; Schema: public; Owner: postgres
--

ALTER TABLE ONLY public.jobs_jobapplication
    ADD CONSTRAINT jobs_jobapplication_applicant_id_7f41cf6a_fk_applicant FOREIGN KEY (applicant_id) REFERENCES public.applicant_applicant(id) DEFERRABLE INITIALLY DEFERRED;


--
-- Name: jobs_jobapplication jobs_jobapplication_job_hiring_id_bbcb41ea_fk_jobs_jobh; Type: FK CONSTRAINT; Schema: public; Owner: postgres
--

ALTER TABLE ONLY public.jobs_jobapplication
    ADD CONSTRAINT jobs_jobapplication_job_hiring_id_bbcb41ea_fk_jobs_jobh FOREIGN KEY (job_hiring_id) REFERENCES public.jobs_jobhiring(job_hiring_id) DEFERRABLE INITIALLY DEFERRED;


--
-- Name: jobs_jobapplicationdocument jobs_jobapplicationd_job_application_id_c63eed1a_fk_jobs_joba; Type: FK CONSTRAINT; Schema: public; Owner: postgres
--

ALTER TABLE ONLY public.jobs_jobapplicationdocument
    ADD CONSTRAINT jobs_jobapplicationd_job_application_id_c63eed1a_fk_jobs_joba FOREIGN KEY (job_application_id) REFERENCES public.jobs_jobapplication(job_application_id) DEFERRABLE INITIALLY DEFERRED;


--
-- Name: jobs_jobhiring jobs_jobhiring_company_id_a6530e07_fk_company_company_id; Type: FK CONSTRAINT; Schema: public; Owner: postgres
--

ALTER TABLE ONLY public.jobs_jobhiring
    ADD CONSTRAINT jobs_jobhiring_company_id_a6530e07_fk_company_company_id FOREIGN KEY (company_id) REFERENCES public.company_company(id) DEFERRABLE INITIALLY DEFERRED;


--
-- Name: jobs_recentsearch_job_hirings jobs_recentsearch_jo_jobhiring_id_5ec57033_fk_jobs_jobh; Type: FK CONSTRAINT; Schema: public; Owner: postgres
--

ALTER TABLE ONLY public.jobs_recentsearch_job_hirings
    ADD CONSTRAINT jobs_recentsearch_jo_jobhiring_id_5ec57033_fk_jobs_jobh FOREIGN KEY (jobhiring_id) REFERENCES public.jobs_jobhiring(job_hiring_id) DEFERRABLE INITIALLY DEFERRED;


--
-- Name: jobs_recentsearch_job_hirings jobs_recentsearch_jo_recentsearch_id_2405bd93_fk_jobs_rece; Type: FK CONSTRAINT; Schema: public; Owner: postgres
--

ALTER TABLE ONLY public.jobs_recentsearch_job_hirings
    ADD CONSTRAINT jobs_recentsearch_jo_recentsearch_id_2405bd93_fk_jobs_rece FOREIGN KEY (recentsearch_id) REFERENCES public.jobs_recentsearch(id) DEFERRABLE INITIALLY DEFERRED;


--
-- Name: jobs_recentsearch jobs_recentsearch_user_id_e8720e98_fk_users_user_id; Type: FK CONSTRAINT; Schema: public; Owner: postgres
--

ALTER TABLE ONLY public.jobs_recentsearch
    ADD CONSTRAINT jobs_recentsearch_user_id_e8720e98_fk_users_user_id FOREIGN KEY (user_id) REFERENCES public.users_user(id) DEFERRABLE INITIALLY DEFERRED;


--
-- Name: jobs_scoringcriteria jobs_scoringcriteria_job_hiring_id_deed948a_fk_jobs_jobh; Type: FK CONSTRAINT; Schema: public; Owner: postgres
--

ALTER TABLE ONLY public.jobs_scoringcriteria
    ADD CONSTRAINT jobs_scoringcriteria_job_hiring_id_deed948a_fk_jobs_jobh FOREIGN KEY (job_hiring_id) REFERENCES public.jobs_jobhiring(job_hiring_id) DEFERRABLE INITIALLY DEFERRED;


--
-- Name: social_auth_usersocialauth social_auth_usersocialauth_user_id_17d28448_fk_users_user_id; Type: FK CONSTRAINT; Schema: public; Owner: postgres
--

ALTER TABLE ONLY public.social_auth_usersocialauth
    ADD CONSTRAINT social_auth_usersocialauth_user_id_17d28448_fk_users_user_id FOREIGN KEY (user_id) REFERENCES public.users_user(id) DEFERRABLE INITIALLY DEFERRED;


--
-- Name: socialaccount_socialtoken socialaccount_social_account_id_951f210e_fk_socialacc; Type: FK CONSTRAINT; Schema: public; Owner: postgres
--

ALTER TABLE ONLY public.socialaccount_socialtoken
    ADD CONSTRAINT socialaccount_social_account_id_951f210e_fk_socialacc FOREIGN KEY (account_id) REFERENCES public.socialaccount_socialaccount(id) DEFERRABLE INITIALLY DEFERRED;


--
-- Name: socialaccount_socialtoken socialaccount_social_app_id_636a42d7_fk_socialacc; Type: FK CONSTRAINT; Schema: public; Owner: postgres
--

ALTER TABLE ONLY public.socialaccount_socialtoken
    ADD CONSTRAINT socialaccount_social_app_id_636a42d7_fk_socialacc FOREIGN KEY (app_id) REFERENCES public.socialaccount_socialapp(id) DEFERRABLE INITIALLY DEFERRED;


--
-- Name: socialaccount_socialapp_sites socialaccount_social_site_id_2579dee5_fk_django_si; Type: FK CONSTRAINT; Schema: public; Owner: postgres
--

ALTER TABLE ONLY public.socialaccount_socialapp_sites
    ADD CONSTRAINT socialaccount_social_site_id_2579dee5_fk_django_si FOREIGN KEY (site_id) REFERENCES public.django_site(id) DEFERRABLE INITIALLY DEFERRED;


--
-- Name: socialaccount_socialapp_sites socialaccount_social_socialapp_id_97fb6e7d_fk_socialacc; Type: FK CONSTRAINT; Schema: public; Owner: postgres
--

ALTER TABLE ONLY public.socialaccount_socialapp_sites
    ADD CONSTRAINT socialaccount_social_socialapp_id_97fb6e7d_fk_socialacc FOREIGN KEY (socialapp_id) REFERENCES public.socialaccount_socialapp(id) DEFERRABLE INITIALLY DEFERRED;


--
-- Name: socialaccount_socialaccount socialaccount_socialaccount_user_id_8146e70c_fk_users_user_id; Type: FK CONSTRAINT; Schema: public; Owner: postgres
--

ALTER TABLE ONLY public.socialaccount_socialaccount
    ADD CONSTRAINT socialaccount_socialaccount_user_id_8146e70c_fk_users_user_id FOREIGN KEY (user_id) REFERENCES public.users_user(id) DEFERRABLE INITIALLY DEFERRED;


--
-- Name: token_blacklist_blacklistedtoken token_blacklist_blacklistedtoken_token_id_3cc7fe56_fk; Type: FK CONSTRAINT; Schema: public; Owner: postgres
--

ALTER TABLE ONLY public.token_blacklist_blacklistedtoken
    ADD CONSTRAINT token_blacklist_blacklistedtoken_token_id_3cc7fe56_fk FOREIGN KEY (token_id) REFERENCES public.token_blacklist_outstandingtoken(id) DEFERRABLE INITIALLY DEFERRED;


--
-- Name: token_blacklist_outstandingtoken token_blacklist_outs_user_id_83bc629a_fk_users_use; Type: FK CONSTRAINT; Schema: public; Owner: postgres
--

ALTER TABLE ONLY public.token_blacklist_outstandingtoken
    ADD CONSTRAINT token_blacklist_outs_user_id_83bc629a_fk_users_use FOREIGN KEY (user_id) REFERENCES public.users_user(id) DEFERRABLE INITIALLY DEFERRED;


--
-- Name: users_user_groups users_user_groups_group_id_9afc8d0e_fk_auth_group_id; Type: FK CONSTRAINT; Schema: public; Owner: postgres
--

ALTER TABLE ONLY public.users_user_groups
    ADD CONSTRAINT users_user_groups_group_id_9afc8d0e_fk_auth_group_id FOREIGN KEY (group_id) REFERENCES public.auth_group(id) DEFERRABLE INITIALLY DEFERRED;


--
-- Name: users_user_groups users_user_groups_user_id_5f6f5a90_fk_users_user_id; Type: FK CONSTRAINT; Schema: public; Owner: postgres
--

ALTER TABLE ONLY public.users_user_groups
    ADD CONSTRAINT users_user_groups_user_id_5f6f5a90_fk_users_user_id FOREIGN KEY (user_id) REFERENCES public.users_user(id) DEFERRABLE INITIALLY DEFERRED;


--
-- Name: users_user_user_permissions users_user_user_perm_permission_id_0b93982e_fk_auth_perm; Type: FK CONSTRAINT; Schema: public; Owner: postgres
--

ALTER TABLE ONLY public.users_user_user_permissions
    ADD CONSTRAINT users_user_user_perm_permission_id_0b93982e_fk_auth_perm FOREIGN KEY (permission_id) REFERENCES public.auth_permission(id) DEFERRABLE INITIALLY DEFERRED;


--
-- Name: users_user_user_permissions users_user_user_permissions_user_id_20aca447_fk_users_user_id; Type: FK CONSTRAINT; Schema: public; Owner: postgres
--

ALTER TABLE ONLY public.users_user_user_permissions
    ADD CONSTRAINT users_user_user_permissions_user_id_20aca447_fk_users_user_id FOREIGN KEY (user_id) REFERENCES public.users_user(id) DEFERRABLE INITIALLY DEFERRED;


--
-- PostgreSQL database dump complete
--

